shot_id,shot_made_flag
1,0.410560331
8,0.478504498
17,0.557828474
20,0.564018272
33,0.405534821
34,0.420282373
35,0.570787619
36,0.558799898
37,0.576005993
38,0.411249586
45,0.542982897
50,0.404740169
55,0.328408095
60,0.340034594
66,0.434602403
67,0.418107337
71,0.408357621
80,0.439302729
85,0.45296941
86,0.418107337
95,0.418227493
104,0.415942295
113,0.408984109
123,0.41578829
126,0.435389671
133,0.559729698
141,0.438067409
144,0.370741827
150,0.562108984
152,0.424744782
153,0.564018272
156,0.537570861
159,0.8329604
165,0.835387656
172,0.40763724
182,0.83877294
192,0.395728409
193,0.562918686
196,0.408560541
202,0.408688293
210,0.34411774
211,0.412458778
228,0.803608191
257,0.411447486
260,0.405957386
264,0.413317396
267,0.397140599
279,0.837580638
282,0.412589563
293,0.442543512
299,0.432654112
300,0.410133527
301,0.415300864
317,0.343167433
327,0.324282534
328,0.417129175
335,0.564018272
346,0.45173409
348,0.45296941
365,0.416449243
390,0.558475445
391,0.559046091
392,0.441316671
397,0.348586796
418,0.400526478
428,0.388627356
434,0.432966048
439,0.574220075
440,0.354473148
456,0.432909267
459,0.44763816
472,0.41128561
480,0.429806408
491,0.348586796
497,0.421532024
509,0.36644694
511,0.340078005
523,0.410752313
533,0.412795704
544,0.559233515
546,0.348254023
555,0.550292809
558,0.35096172
560,0.411052881
573,0.418107337
591,0.392587138
596,0.434602403
597,0.409198457
601,0.431685224
605,0.415885569
617,0.418227493
628,0.408144394
634,0.405102893
646,0.442114265
649,0.414271945
651,0.554186871
654,0.799319617
656,0.564018272
657,0.44738172
669,0.399931781
670,0.8329604
693,0.447687234
694,0.438111777
699,0.424744782
711,0.405993033
718,0.417129175
722,0.418227493
723,0.349476858
725,0.438649259
734,0.408161358
735,0.562918686
737,0.446404178
746,0.419755713
747,0.408619571
766,0.339170485
767,0.41625288
771,0.417492892
773,0.45296941
774,0.429902099
783,0.45296941
784,0.354362176
789,0.408688293
792,0.350990272
804,0.302748457
809,0.400557657
812,0.410490496
813,0.31896892
817,0.446597509
820,0.405364843
825,0.393665819
826,0.401848647
829,0.366184976
855,0.356876624
859,0.560300343
862,0.348321207
870,0.349476858
876,0.407770193
880,0.410691488
886,0.8329604
889,0.421432413
891,0.554774853
897,0.83877294
902,0.35096172
903,0.458064105
908,0.321879058
909,0.403880177
920,0.345602602
922,0.408357621
924,0.405102893
932,0.357805983
934,0.358807017
937,0.348403909
941,0.425848099
943,0.422173662
950,0.424392577
952,0.402030242
954,0.81756602
963,0.420431267
975,0.395263819
979,0.418057522
981,0.445355048
983,0.318548047
985,0.569776862
989,0.564234036
995,0.412760469
998,0.551746392
1008,0.443591303
1019,0.55892806
1023,0.401671665
1026,0.396120921
1029,0.417129175
1034,0.3968462
1036,0.448922554
1038,0.407139585
1039,0.399222109
1051,0.535440636
1052,0.416409922
1066,0.418857627
1087,0.447687234
1092,0.376795813
1094,0.426947493
1098,0.41496318
1099,0.357805983
1102,0.359836603
1118,0.40983849
1131,0.44763816
1133,0.564018272
1135,0.79131663
1138,0.564018272
1139,0.806078807
1142,0.351991306
1151,0.488303471
1152,0.410503997
1155,0.527106816
1165,0.400502168
1167,0.784018119
1172,0.542525138
1174,0.457647194
1180,0.564018272
1200,0.404683184
1202,0.405102893
1227,0.421317358
1228,0.564558489
1229,0.408884998
1237,0.574220075
1241,0.440733772
1256,0.415186984
1279,0.413520982
1293,0.557828474
1295,0.409806885
1319,0.564018272
1320,0.420348408
1321,0.45296941
1322,0.446404178
1334,0.295912462
1351,0.558475445
1373,0.409525474
1375,0.405820001
1380,0.564234036
1382,0.438649259
1385,0.548101701
1399,0.44738172
1403,0.829641754
1428,0.406189764
1434,0.355658142
1444,0.841003758
1448,0.366184976
1466,0.425667602
1476,0.418492205
1478,0.412795704
1485,0.399931781
1491,0.55166337
1494,0.415848352
1500,0.564018272
1501,0.413119892
1503,0.414792256
1519,0.564018272
1524,0.44738172
1529,0.446404178
1533,0.558475445
1538,0.84302505
1539,0.39337913
1546,0.564018272
1555,0.403624958
1559,0.407310326
1563,0.44763816
1565,0.562068551
1574,0.402825759
1591,0.403664916
1594,0.418107337
1605,0.408326901
1611,0.417917786
1614,0.425855243
1620,0.411658648
1626,0.423274674
1630,0.410431116
1632,0.35096172
1634,0.428551486
1643,0.407139585
1651,0.408357621
1655,0.408420408
1658,0.416826513
1659,0.425981617
1665,0.415254943
1675,0.444861643
1680,0.819107543
1690,0.404905782
1696,0.45296941
1714,0.449082748
1721,0.414832395
1726,0.418306883
1728,0.412738328
1734,0.405957386
1735,0.407462224
1740,0.438806292
1744,0.413793465
1747,0.392997359
1752,0.414891782
1763,0.557375859
1765,0.558475445
1769,0.408673592
1785,0.420219041
1787,0.417129175
1788,0.551175747
1793,0.40838558
1800,0.392329934
1825,0.424227717
1826,0.564018272
1834,0.313314112
1843,0.308288051
1844,0.308288051
1848,0.405534821
1849,0.569112967
1860,0.569112967
1863,0.569112967
1875,0.404261371
1883,0.40691492
1890,0.355847038
1892,0.415233229
1893,0.415552769
1897,0.441468386
1905,0.421594289
1908,0.443349586
1931,0.44763816
1940,0.824463627
1943,0.410373741
1947,0.281679694
1965,0.441308191
1967,0.412795704
1968,0.408357621
1972,0.586108187
1982,0.422660229
1985,0.423092168
2005,0.417129175
2010,0.440816488
2021,0.407770193
2024,0.420354321
2036,0.410560331
2043,0.424615845
2047,0.41452202
2049,0.420151589
2055,0.414026316
2065,0.416851146
2066,0.424372991
2070,0.45173409
2077,0.840832067
2085,0.45296941
2095,0.40286752
2097,0.564588917
2108,0.564018272
2112,0.502855339
2113,0.522009963
2122,0.367455921
2139,0.405842964
2144,0.38661884
2146,0.45173409
2148,0.296009455
2149,0.538397969
2157,0.350973777
2159,0.410560331
2168,0.417210838
2176,0.555648211
2178,0.558475445
2181,0.419073498
2187,0.423274674
2188,0.417129175
2190,0.418107337
2194,0.560721858
2197,0.44763816
2214,0.338169451
2217,0.301232254
2222,0.416104189
2223,0.420354321
2226,0.40885017
2230,0.552865565
2240,0.542669681
2247,0.312840182
2250,0.45296941
2259,0.418107337
2262,0.424615845
2266,0.324282534
2305,0.40206584
2310,0.397108508
2313,0.564018272
2319,0.41530714
2320,0.418611672
2345,0.448922554
2350,0.564018272
2356,0.410784995
2360,0.40620121
2370,0.356876624
2386,0.40691492
2398,0.324282534
2414,0.55892806
2435,0.564018272
2439,0.453325285
2446,0.564018272
2458,0.415186984
2465,0.408688293
2466,0.41128561
2470,0.409150293
2495,0.560742906
2501,0.403170234
2507,0.434602403
2533,0.261708642
2537,0.393482525
2538,0.40838558
2541,0.416209757
2542,0.564018272
2544,0.539305435
2554,0.429379316
2555,0.41390616
2565,0.542994099
2575,0.564018272
2586,0.564018272
2588,0.408144953
2594,0.564018272
2617,0.551779341
2618,0.449586986
2623,0.836472844
2631,0.564018272
2640,0.43110321
2642,0.558475445
2647,0.423797
2663,0.402738305
2664,0.433987174
2676,0.411730681
2680,0.779355814
2681,0.403648904
2691,0.400125729
2693,0.400982831
2695,0.564018272
2704,0.396912246
2708,0.357982959
2709,0.830983312
2717,0.571341859
2722,0.410560331
2728,0.414856274
2732,0.564588917
2743,0.548167181
2752,0.438649259
2757,0.55892806
2761,0.564018272
2769,0.43066014
2771,0.55892806
2774,0.418333339
2776,0.404547347
2781,0.417129175
2793,0.420354321
2799,0.336811232
2803,0.423138858
2811,0.418227493
2818,0.413452296
2824,0.569776862
2828,0.564018272
2829,0.418306883
2830,0.405957386
2842,0.555648211
2847,0.564018272
2848,0.41836463
2868,0.411789805
2870,0.409525474
2885,0.378130204
2886,0.41919704
2889,0.45296941
2903,0.41035419
2904,0.553572658
2918,0.399686699
2919,0.412458778
2922,0.412760469
2923,0.43744052
2931,0.400933197
2945,0.425828787
2955,0.401446159
2957,0.546765497
2960,0.546765497
2963,0.424372991
2966,0.806625347
2972,0.44763816
2974,0.437413939
2982,0.418938217
2984,0.441243163
3016,0.554774853
3021,0.40160125
3023,0.799156653
3025,0.41496318
3029,0.444054699
3034,0.55892806
3038,0.409806885
3040,0.420282373
3051,0.423274674
3062,0.410691488
3069,0.421797765
3071,0.408455053
3076,0.843499507
3079,0.448283853
3081,0.424615845
3082,0.405993033
3084,0.41294361
3098,0.346438141
3104,0.343769075
3105,0.402151483
3114,0.564018272
3118,0.424903649
3122,0.4153518
3132,0.443591303
3138,0.443330497
3141,0.564018272
3156,0.564018272
3162,0.562918686
3167,0.348462841
3170,0.401457482
3171,0.397136468
3172,0.408984109
3176,0.843575558
3180,0.42370804
3189,0.442550653
3198,0.413869304
3206,0.418272153
3215,0.542982897
3222,0.564018272
3228,0.416218634
3229,0.389128533
3232,0.387409067
3233,0.443591303
3238,0.407585227
3256,0.57721122
3264,0.395566532
3273,0.410560331
3275,0.409912571
3285,0.550747681
3289,0.412411101
3294,0.36325528
3306,0.364073502
3311,0.561678832
3318,0.408884998
3322,0.40188941
3324,0.418333339
3334,0.405348496
3341,0.415885569
3345,0.448680836
3346,0.844257744
3352,0.434598036
3368,0.403624958
3371,0.294135003
3372,0.40432924
3375,0.406496716
3384,0.387261945
3387,0.412411101
3393,0.405534821
3406,0.408228406
3411,0.427181534
3412,0.510887938
3414,0.410766445
3417,0.560757491
3420,0.564018272
3423,0.564018272
3436,0.448655539
3438,0.564018272
3442,0.392496686
3443,0.39073768
3451,0.45296941
3461,0.425828787
3489,0.391618408
3491,0.402921529
3510,0.45296941
3515,0.413686798
3527,0.421355974
3530,0.551175747
3540,0.311246405
3582,0.37011067
3604,0.558475445
3605,0.413392983
3609,0.449082748
3624,0.378118053
3628,0.564018272
3630,0.418733979
3641,0.404323411
3642,0.409490749
3648,0.359188185
3650,0.828847431
3652,0.84893191
3660,0.408228406
3664,0.448922554
3670,0.434598036
3672,0.426450841
3680,0.558317748
3682,0.829319727
3685,0.435389388
3686,0.414967622
3689,0.410224975
3705,0.402113017
3712,0.405266489
3713,0.396687893
3719,0.419832296
3721,0.367608217
3723,0.40596294
3724,0.398559111
3727,0.402064427
3733,0.405175733
3734,0.428032189
3742,0.398716784
3770,0.381764812
3777,0.310105199
3778,0.310229676
3780,0.423481101
3783,0.435389388
3784,0.397499191
3788,0.397499191
3790,0.395263819
3794,0.384308795
3795,0.427870312
3796,0.408195744
3801,0.386152633
3806,0.416994967
3813,0.417917786
3814,0.417746863
3818,0.537570861
3824,0.407270369
3836,0.444121849
3853,0.443330497
3855,0.399542849
3858,0.566511791
3861,0.562521166
3866,0.438709222
3870,0.405993033
3874,0.850383962
3876,0.411130278
3878,0.443591303
3890,0.359188185
3900,0.85143171
3904,0.326305612
3906,0.348573813
3907,0.349947703
3908,0.346059365
3912,0.564018272
3918,0.841148303
3923,0.843341285
3924,0.362075488
3925,0.537351115
3927,0.44763816
3955,0.809368838
3964,0.558475445
3969,0.555648211
3974,0.554639486
3976,0.559729698
3984,0.415678346
3991,0.359188185
3993,0.84576854
4009,0.43736805
4011,0.402296369
4020,0.439443835
4033,0.342033481
4041,0.418477806
4045,0.84919166
4052,0.567082437
4055,0.399931781
4056,0.408195744
4057,0.403202896
4067,0.82998139
4069,0.420004585
4077,0.438287126
4094,0.351310476
4095,0.346425158
4100,0.444121849
4119,0.422183376
4130,0.527627964
4131,0.389763844
4132,0.414760619
4134,0.540696429
4137,0.787003846
4138,0.394166693
4143,0.400935141
4145,0.567932878
4148,0.426179965
4163,0.323988613
4166,0.410648364
4169,0.557322167
4170,0.367545983
4174,0.557322167
4180,0.415427973
4199,0.82655827
4201,0.419553908
4203,0.363076522
4210,0.24369415
4211,0.415945783
4213,0.841148303
4225,0.361591661
4235,0.412411101
4242,0.416078391
4245,0.390774956
4250,0.415715076
4252,0.425667602
4254,0.564018272
4263,0.558475445
4264,0.558475445
4268,0.308578421
4270,0.40942034
4282,0.571341859
4283,0.455522466
4291,0.413332218
4304,0.418477806
4306,0.406265603
4309,0.410490496
4310,0.411052881
4313,0.414847465
4314,0.407770193
4315,0.403965837
4321,0.360701599
4324,0.349947703
4325,0.405683831
4328,0.406326885
4329,0.347572779
4332,0.417948878
4337,0.378300749
4342,0.415422241
4344,0.412843868
4352,0.40206283
4355,0.318588522
4366,0.404740169
4371,0.434024076
4372,0.406318126
4376,0.413868817
4384,0.40286752
4387,0.408795591
4389,0.361591661
4390,0.415434516
4406,0.333993861
4407,0.569112967
4409,0.852055537
4410,0.569112967
4424,0.403478376
4434,0.406633138
4452,0.527146622
4460,0.363076522
4470,0.564018272
4480,0.40471221
4496,0.852055537
4503,0.442550653
4512,0.402811186
4518,0.562252953
4519,0.35864334
4522,0.400765628
4525,0.387399257
4537,0.420014803
4546,0.446404178
4547,0.800231336
4553,0.409150293
4556,0.356016143
4558,0.431664505
4563,0.313347057
4568,0.410948952
4574,0.564588917
4578,0.413566642
4587,0.412639476
4592,0.413869304
4610,0.40838558
4615,0.548101701
4619,0.368991427
4620,0.410948952
4625,0.416776663
4635,0.405102893
4636,0.410784995
4641,0.409294061
4650,0.404740169
4653,0.833403795
4665,0.437157814
4668,0.809368838
4669,0.323902136
4670,0.435389388
4674,0.413869304
4675,0.399081572
4676,0.546594533
4679,0.428695937
4680,0.843575558
4686,0.418506768
4699,0.432681952
4713,0.562918686
4718,0.409787938
4721,0.403829496
4722,0.401457482
4724,0.40333211
4730,0.813564581
4731,0.420014803
4735,0.361591661
4743,0.323902136
4745,0.414664959
4746,0.448922554
4747,0.408711651
4748,0.438839672
4769,0.409150293
4771,0.364994113
4774,0.448680836
4784,0.410431116
4797,0.425410515
4801,0.410784995
4804,0.331065107
4820,0.434154068
4833,0.364106109
4834,0.363105075
4851,0.414967622
4859,0.343516989
4860,0.803708348
4863,0.35137579
4873,0.352778232
4881,0.442355983
4892,0.347461807
4908,0.567611378
4911,0.412588481
4915,0.404019846
4922,0.394401057
4929,0.564018272
4936,0.348250333
4939,0.410411049
4951,0.415396083
4956,0.40298113
4961,0.406765638
4964,0.415213576
4981,0.403483692
4991,0.84576854
4992,0.411927113
4997,0.420509593
5004,0.420014803
5010,0.414847465
5012,0.410560331
5015,0.315750533
5020,0.400502933
5030,0.418333339
5051,0.852485955
5052,0.559198898
5057,0.509472947
5058,0.564018272
5060,0.386372596
5061,0.351086652
5064,0.564018272
5078,0.558799898
5080,0.534067234
5088,0.351991306
5089,0.534067234
5090,0.404662815
5103,0.814384324
5108,0.400853374
5114,0.398993482
5115,0.413231779
5124,0.45296941
5137,0.564018272
5139,0.391389781
5144,0.400813928
5149,0.564018272
5157,0.407713031
5163,0.39808813
5174,0.402094752
5176,0.564018272
5179,0.414928934
5186,0.557322167
5203,0.448922554
5204,0.558475445
5206,0.40824465
5207,0.386099239
5220,0.402931741
5221,0.560721858
5224,0.347073382
5227,0.411975529
5229,0.412647499
5232,0.85097698
5240,0.564018272
5242,0.402732299
5243,0.418107337
5245,0.442853148
5248,0.562918686
5249,0.43189546
5254,0.391648183
5269,0.403700572
5272,0.34958783
5276,0.3519587
5286,0.564018272
5290,0.421532024
5308,0.555648211
5316,0.354473148
5318,0.564018272
5319,0.349960686
5320,0.532320636
5322,0.34411774
5324,0.394764679
5331,0.456280438
5336,0.82851538
5344,0.562918686
5354,0.379068665
5356,0.084148487
5358,0.42450463
5361,0.414139178
5365,0.564018272
5370,0.395556086
5376,0.345631154
5383,0.35096172
5384,0.403853672
5385,0.39759558
5393,0.567611378
5397,0.338169451
5398,0.398320225
5402,0.400498029
5407,0.499972345
5409,0.349476858
5425,0.559729698
5428,0.554639486
5430,0.402094752
5442,0.397299301
5447,0.564018272
5470,0.395957853
5485,0.345631154
5493,0.420219041
5502,0.432001311
5504,0.35096172
5517,0.45296941
5522,0.404018993
5527,0.563973509
5528,0.433236632
5536,0.404018993
5545,0.413256353
5576,0.418227493
5577,0.45296941
5592,0.446402839
5594,0.407583283
5595,0.351517506
5596,0.343116706
5599,0.408302228
5606,0.569112967
5617,0.344228712
5625,0.409113668
5626,0.407786718
5627,0.562918686
5642,0.550292809
5659,0.8550042
5664,0.564018272
5666,0.407998665
5671,0.443334864
5674,0.351517506
5677,0.404098641
5681,0.339170485
5683,0.076955745
5700,0.562068551
5713,0.564018272
5715,0.564018272
5718,0.348586796
5726,0.447687234
5738,0.31720245
5741,0.416915655
5743,0.418655954
5753,0.558475445
5761,0.386774455
5789,0.519537607
5797,0.350990272
5803,0.417129175
5810,0.564018272
5813,0.424024299
5817,0.38990277
5818,0.52654111
5822,0.43189546
5829,0.485936701
5846,0.515070266
5847,0.415186984
5854,0.410336
5858,0.558475445
5863,0.392875753
5869,0.438649259
5870,0.440627921
5876,0.394171773
5881,0.42450463
5901,0.414208823
5922,0.374499696
5928,0.564018272
5933,0.564588917
5934,0.564018272
5946,0.40014478
5951,0.453260869
5955,0.313314112
5956,0.849388097
5965,0.339704162
5972,0.400764265
5981,0.45296941
5997,0.564018272
6005,0.413073846
6009,0.447687234
6010,0.389646448
6015,0.347322509
6039,0.433236632
6047,0.569112967
6051,0.076955745
6056,0.39718637
6061,0.39423969
6064,0.402172116
6065,0.414139178
6070,0.406446368
6085,0.564018272
6086,0.41134249
6091,0.564018272
6097,0.44763816
6099,0.562918686
6104,0.553572658
6108,0.564018272
6109,0.562918686
6124,0.52587129
6142,0.55892806
6144,0.365478406
6150,0.366184976
6154,0.574220075
6155,0.434762597
6156,0.851627855
6158,0.348586796
6159,0.812466695
6169,0.561108187
6170,0.076955745
6179,0.407054438
6184,0.394254026
6186,0.843575558
6204,0.242204007
6230,0.564018272
6231,0.404710966
6232,0.830097453
6235,0.3519587
6237,0.564018272
6239,0.351517506
6263,0.558475445
6265,0.367273158
6270,0.53873479
6271,0.420560839
6278,0.558475445
6279,0.564018272
6288,0.365014886
6294,0.403971831
6295,0.418301854
6302,0.420560839
6306,0.346072348
6322,0.855572675
6324,0.402392883
6327,0.420850508
6331,0.564018272
6334,0.4461464
6338,0.443591303
6339,0.443591303
6362,0.395788
6372,0.564018272
6375,0.45296941
6393,0.415458816
6394,0.567611378
6405,0.850383962
6406,0.414177993
6416,0.421594289
6421,0.562918686
6422,0.412538464
6440,0.836826915
6457,0.558475445
6460,0.42986789
6463,0.564018272
6474,0.558475445
6476,0.402883651
6477,0.350529836
6482,0.564018272
6488,0.393969053
6489,0.415458816
6494,0.34411774
6499,0.416246968
6507,0.338704684
6524,0.337947635
6527,0.335433187
6531,0.338320491
6536,0.574220075
6538,0.275637483
6542,0.406090303
6565,0.397938404
6584,0.351991306
6588,0.395704601
6597,0.394423778
6603,0.562918686
6609,0.55892806
6613,0.564018272
6622,0.386364196
6630,0.354362176
6637,0.457023455
6639,0.569112967
6640,0.340034594
6646,0.362002933
6647,0.564018272
6648,0.84669166
6669,0.398356294
6680,0.349046214
6681,0.346531765
6684,0.237535325
6693,0.350990272
6694,0.315675671
6704,0.436099349
6706,0.564588917
6710,0.356876624
6713,0.429398155
6718,0.443591303
6732,0.34958783
6737,0.4461464
6739,0.314190809
6742,0.405815977
6746,0.410693216
6753,0.403257598
6771,0.43189546
6784,0.416799988
6790,0.812421715
6795,0.564018272
6807,0.415519164
6808,0.443334864
6818,0.441698509
6823,0.3519587
6830,0.564018272
6831,0.562918686
6832,0.420277741
6836,0.419565726
6846,0.349100488
6850,0.343905231
6854,0.343905231
6868,0.559729698
6876,0.403653939
6877,0.438649259
6881,0.307977319
6882,0.360188626
6884,0.435722471
6886,0.408943826
6901,0.354362176
6910,0.349476858
6913,0.416078391
6914,0.564018272
6918,0.564018272
6930,0.494728386
6941,0.413038173
6944,0.397890356
6945,0.441617828
6947,0.564018272
6949,0.558475445
6952,0.543479383
6963,0.399487113
6964,0.558475445
6972,0.559233515
6979,0.528316032
6981,0.345631154
6988,0.564018272
6990,0.404116216
6998,0.40333211
7004,0.354362176
7016,0.419400172
7027,0.350145172
7042,0.412538464
7056,0.420378333
7061,0.423985527
7069,0.401709616
7071,0.413716167
7088,0.418973683
7099,0.405376129
7108,0.395454695
7121,0.564588917
7125,0.564018272
7136,0.409482831
7149,0.443591303
7150,0.400605705
7151,0.40638419
7167,0.403038978
7177,0.559046091
7178,0.345223141
7183,0.446597509
7186,0.355406366
7190,0.420560839
7201,0.4120412
7202,0.35096172
7207,0.349960686
7213,0.35096172
7224,0.418477806
7225,0.433236632
7233,0.39771374
7239,0.432654112
7246,0.432769165
7248,0.401706151
7261,0.569112967
7264,0.349476858
7266,0.344228712
7274,0.302748457
7279,0.445362189
7293,0.351517506
7315,0.331114609
7322,0.411476729
7326,0.558475445
7341,0.356981925
7363,0.563973509
7365,0.39268823
7371,0.405102893
7377,0.356876624
7393,0.560721858
7405,0.437413939
7410,0.560300343
7434,0.452976598
7438,0.355888954
7447,0.424220141
7450,0.488325953
7452,0.367711755
7453,0.325755491
7455,0.347073382
7456,0.349476858
7457,0.84669166
7466,0.565702089
7470,0.562068551
7474,0.400989474
7487,0.418477806
7488,0.529236436
7492,0.5531847
7496,0.366184976
7501,0.521094885
7505,0.530603328
7512,0.344228712
7526,0.437800998
7536,0.42059046
7538,0.562918686
7539,0.407409516
7544,0.564018272
7554,0.404029715
7564,0.450121283
7566,0.42059046
7580,0.407706223
7581,0.436294174
7584,0.411598182
7587,0.343227678
7589,0.414015076
7590,0.413076117
7594,0.399753982
7597,0.40286752
7602,0.849388097
7603,0.412758012
7605,0.423744613
7609,0.400502933
7613,0.434928862
7619,0.455452534
7625,0.446404178
7626,0.564018272
7636,0.562918686
7639,0.562108984
7641,0.417315519
7643,0.829589861
7644,0.402311975
7657,0.387980133
7661,0.421695493
7666,0.417293303
7673,0.441132383
7683,0.55892806
7685,0.421678193
7699,0.439923644
7704,0.432001311
7705,0.42831191
7708,0.432001311
7728,0.473083712
7733,0.42634591
7741,0.529393283
7743,0.40602268
7745,0.361888663
7754,0.4325471
7756,0.414208823
7757,0.416104189
7770,0.411368122
7773,0.841148303
7774,0.405740408
7776,0.564588917
7777,0.314190809
7778,0.346632188
7781,0.548716305
7784,0.399222109
7789,0.564018272
7794,0.392030717
7799,0.42472367
7801,0.449864844
7818,0.412927999
7823,0.410840744
7828,0.411191544
7832,0.406052764
7839,0.413800893
7851,0.431136675
7856,0.410678868
7868,0.560797681
7869,0.301192951
7872,0.354477485
7874,0.344820179
7878,0.366891504
7888,0.449864844
7913,0.343116706
7923,0.413467282
7925,0.55892806
7926,0.400982831
7938,0.351486181
7942,0.545889071
7945,0.404459585
7954,0.446404178
7963,0.412008598
7969,0.407409516
7970,0.564018272
7977,0.564018272
7981,0.400502933
7990,0.433367083
8020,0.41275062
8023,0.324282534
8025,0.438724787
8034,0.564018272
8039,0.413768733
8046,0.419977443
8051,0.42059046
8055,0.318532398
8060,0.343113295
8063,0.355331861
8073,0.85158108
8074,0.353716135
8076,0.455452534
8080,0.406812364
8088,0.40788873
8102,0.302468426
8103,0.570204617
8104,0.570204617
8105,0.418561514
8109,0.454411884
8115,0.570204617
8121,0.455452534
8126,0.431520055
8135,0.445336272
8153,0.447445516
8156,0.404740169
8160,0.518556908
8161,0.449864844
8162,0.449864844
8171,0.335745505
8181,0.338259954
8183,0.338259954
8185,0.415186984
8191,0.843341285
8203,0.34071323
8204,0.554774853
8207,0.423800482
8208,0.40681825
8209,0.41530714
8210,0.414208823
8225,0.405686019
8226,0.350990272
8231,0.402169823
8233,0.283201044
8244,0.559600421
8250,0.355406366
8261,0.570204617
8265,0.405815234
8278,0.350990272
8279,0.348586796
8280,0.413289405
8296,0.542592657
8299,0.422238214
8300,0.366535576
8301,0.441132383
8305,0.417303018
8327,0.349476858
8334,0.425964224
8349,0.311787333
8355,0.341714264
8361,0.445026635
8362,0.399140391
8364,0.407139585
8365,0.408984109
8375,0.324282534
8378,0.445713406
8380,0.401637525
8381,0.402811186
8387,0.397607853
8399,0.547521632
8402,0.85158108
8409,0.359359748
8433,0.564018272
8436,0.413076117
8442,0.400502933
8448,0.408984109
8464,0.347935516
8469,0.395134604
8474,0.399222109
8478,0.449864844
8482,0.410784995
8490,0.294643396
8510,0.40620282
8511,0.412414405
8527,0.403637408
8532,0.346128346
8533,0.364243085
8538,0.413536004
8541,0.351991306
8545,0.418094198
8553,0.455452534
8554,0.400502933
8555,0.385958036
8569,0.341575364
8586,0.446404178
8593,0.347073382
8600,0.82655827
8606,0.445026635
8607,0.345602602
8611,0.419309637
8613,0.447687234
8618,0.574220075
8630,0.419309637
8637,0.40515018
8650,0.410784995
8652,0.324938416
8661,0.548716305
8669,0.357982959
8673,0.358182324
8674,0.358514647
8678,0.555412879
8682,0.352316111
8688,0.460570424
8689,0.541217578
8695,0.361517507
8698,0.408223117
8703,0.386320179
8709,0.348586796
8716,0.41291424
8723,0.346632188
8737,0.378130204
8753,0.400902554
8773,0.559729698
8774,0.324282534
8778,0.559729698
8786,0.416393632
8794,0.544427731
8795,0.445817988
8800,0.343227678
8804,0.415122599
8808,0.40286752
8809,0.427098969
8817,0.560721858
8818,0.400502933
8825,0.407195333
8830,0.413978172
8833,0.348475824
8834,0.306473719
8836,0.415702654
8837,0.349960686
8844,0.31896892
8851,0.363604654
8861,0.832017116
8864,0.405419012
8865,0.366035711
8869,0.347828191
8873,0.548716305
8880,0.418758219
8884,0.397141606
8888,0.406607906
8889,0.408989018
8891,0.548716305
8893,0.402169823
8897,0.427806902
8905,0.416805606
8910,0.564588917
8918,0.548716305
8939,0.321879058
8940,0.425757798
8941,0.364949656
8944,0.34411774
8949,0.414026316
8950,0.345631154
8958,0.420354321
8967,0.564018272
8975,0.357170172
8979,0.405815234
8980,0.311787333
8991,0.337078951
8995,0.301884504
8996,0.350990272
8998,0.552473072
9000,0.413076117
9001,0.529393283
9002,0.411673479
9024,0.413076117
9026,0.36749801
9027,0.420354321
9034,0.42096093
9038,0.34958783
9050,0.416130645
9052,0.422702165
9054,0.425196119
9078,0.564018272
9097,0.412986759
9109,0.302748457
9112,0.449864844
9115,0.349476858
9125,0.564018272
9132,0.421421341
9136,0.434438932
9139,0.405473728
9140,0.344601568
9142,0.394710883
9143,0.412755026
9147,0.427879903
9159,0.405653357
9165,0.543497931
9172,0.411353421
9177,0.351991306
9179,0.347073382
9185,0.397549554
9196,0.846242998
9201,0.411581189
9209,0.358598423
9210,0.419923784
9212,0.415293636
9214,0.412205646
9240,0.850124212
9241,0.443111045
9244,0.404905782
9249,0.348570301
9250,0.404542983
9255,0.410840744
9258,0.40838558
9263,0.328917645
9266,0.357433127
9269,0.408560541
9272,0.409398044
9276,0.545495714
9290,0.398356294
9299,0.348586796
9303,0.409689602
9310,0.251153563
9311,0.40188689
9314,0.413536004
9315,0.576005993
9325,0.542982897
9328,0.41578829
9329,0.548771916
9332,0.839825364
9337,0.564018272
9353,0.447673179
9355,0.416994315
9356,0.564018272
9362,0.456979313
9364,0.548716305
9366,0.548716305
9387,0.831210813
9388,0.831210813
9396,0.564018272
9400,0.338169451
9406,0.398356294
9411,0.413739602
9416,0.429430617
9417,0.564018272
9423,0.564018272
9425,0.473695655
9426,0.430515313
9427,0.420710616
9429,0.55892806
9430,0.450121283
9434,0.436971386
9442,0.422765497
9458,0.426550617
9476,0.401457482
9481,0.413043455
9483,0.413076117
9484,0.403967981
9487,0.554639486
9488,0.410840744
9490,0.348586796
9502,0.844257744
9505,0.323252948
9509,0.544427731
9515,0.424077413
9516,0.402576782
9532,0.430718715
9539,0.433367083
9542,0.545889071
9549,0.348475824
9550,0.420354321
9553,0.423758547
9554,0.39902612
9561,0.437413939
9566,0.424863319
9571,0.403764106
9577,0.410840744
9584,0.413076117
9592,0.425561713
9596,0.548716305
9602,0.312840182
9603,0.347073382
9604,0.574220075
9608,0.561108187
9609,0.416165982
9613,0.415278827
9623,0.34958783
9630,0.846960842
9633,0.420562786
9648,0.346632188
9665,0.567611378
9668,0.348586796
9678,0.404372534
9679,0.409890593
9693,0.564018272
9718,0.569112967
9720,0.56357014
9744,0.414208823
9745,0.32868423
9746,0.541239131
9753,0.348475824
9758,0.564018272
9759,0.404430428
9763,0.411317769
9766,0.344601568
9767,0.343116706
9777,0.409960961
9781,0.410373741
9789,0.348452317
9790,0.409525474
9799,0.434818525
9802,0.343116706
9805,0.564018272
9807,0.446597509
9812,0.418107337
9818,0.412458778
9820,0.564018272
9822,0.423797
9824,0.564018272
9834,0.564018272
9836,0.35887673
9847,0.405494058
9864,0.843341285
9869,0.34949504
9875,0.397816237
9880,0.416301552
9889,0.564018272
9894,0.363559636
9909,0.849813089
9915,0.424915706
9919,0.45173409
9920,0.564588917
9940,0.421532024
9946,0.415186984
9958,0.562252953
9959,0.350557378
9973,0.43187132
9976,0.40838558
9978,0.356393003
9982,0.353989527
9987,0.36367874
9988,0.479979859
9992,0.417222895
10000,0.076955745
10002,0.44763816
10005,0.35096172
10008,0.41792483
10009,0.418668749
10011,0.41500323
10021,0.406605121
10022,0.554639486
10053,0.350796925
10074,0.356393003
10076,0.408195744
10090,0.554186871
10092,0.357595906
10099,0.412795704
10102,0.327254329
10103,0.312760908
10106,0.388296434
10108,0.848783997
10113,0.558475445
10119,0.305206894
10122,0.409525474
10125,0.422660229
10140,0.45845394
10155,0.401457482
10159,0.424915706
10164,0.44738172
10175,0.413682859
10176,0.44738172
10178,0.427870312
10186,0.564018272
10200,0.40740747
10204,0.558475445
10206,0.558475445
10211,0.354362176
10212,0.36127832
10217,0.41262952
10220,0.564018272
10230,0.564018272
10234,0.40647899
10235,0.410037448
10239,0.35003285
10240,0.408944152
10242,0.392475511
10245,0.343116706
10246,0.555648211
10247,0.348630408
10250,0.317241879
10254,0.564018272
10257,0.404348389
10260,0.424024299
10261,0.563489331
10265,0.354362176
10273,0.416826513
10274,0.343116706
10277,0.450712168
10289,0.843575558
10290,0.352776139
10298,0.41463038
10301,0.36714741
10304,0.564018272
10305,0.406496716
10313,0.397490922
10320,0.345903452
10323,0.397448198
10328,0.418107337
10332,0.797854908
10336,0.819854176
10343,0.353989527
10348,0.559729698
10350,0.418107337
10351,0.413423702
10354,0.355946783
10372,0.412927999
10373,0.442853148
10380,0.355847038
10383,0.444249369
10396,0.549802672
10397,0.564018272
10399,0.564018272
10400,0.564018272
10401,0.41625288
10402,0.418107337
10403,0.564018272
10410,0.826239693
10412,0.414208823
10415,0.404740169
10424,0.408195744
10428,0.409525474
10432,0.347305894
10462,0.574220075
10477,0.347629374
10482,0.346072348
10484,0.32868423
10493,0.410037448
10495,0.423061264
10497,0.396878359
10516,0.413739602
10521,0.37266374
10522,0.407139585
10523,0.441315332
10528,0.348475824
10530,0.364871556
10532,0.41625288
10533,0.354362176
10543,0.836820625
10547,0.414658902
10552,0.352960854
10558,0.394123241
10571,0.399165775
10572,0.339684558
10574,0.314838403
10583,0.575927327
10600,0.438806292
10607,0.417298689
10608,0.418040467
10614,0.30986917
10630,0.364949656
10634,0.410860059
10635,0.3519587
10641,0.564588917
10643,0.417129175
10644,0.562108984
10648,0.414208823
10669,0.354362176
10675,0.420151589
10686,0.557892813
10704,0.349476858
10707,0.314190809
10722,0.317241879
10736,0.558475445
10764,0.43189546
10767,0.564018272
10776,0.423626076
10779,0.547566698
10781,0.349476858
10792,0.562108984
10797,0.416275096
10798,0.349960686
10801,0.418913803
10802,0.40740747
10805,0.355919202
10808,0.409574119
10810,0.828175564
10816,0.40494625
10817,0.361539767
10829,0.558475445
10843,0.45296941
10858,0.562068551
10866,0.357330081
10876,0.408195744
10887,0.337772603
10891,0.345054818
10896,0.356393003
10900,0.437857907
10905,0.418107337
10907,0.40021302
10917,0.315797943
10936,0.558475445
10947,0.348475824
10948,0.55892806
10951,0.413888293
10955,0.345602602
10969,0.413950517
10984,0.398650958
10987,0.414661472
10990,0.34071323
10992,0.550292809
10996,0.410560331
10997,0.419584455
10999,0.406633138
11000,0.583397969
11001,0.365619909
11010,0.563973509
11016,0.563973509
11018,0.563973509
11034,0.822047159
11039,0.396120921
11041,0.40333211
11047,0.412681991
11053,0.400967523
11055,0.34443629
11056,0.403935841
11065,0.430720488
11068,0.433236632
11070,0.405534821
11071,0.408357621
11072,0.423626076
11079,0.564018272
11091,0.349960686
11094,0.42199385
11112,0.574220075
11113,0.574220075
11128,0.448922554
11153,0.415848352
11154,0.257224946
11163,0.398356294
11179,0.437413939
11181,0.442115604
11206,0.434222505
11216,0.423274674
11221,0.410784995
11223,0.528872134
11228,0.45173409
11235,0.408420408
11237,0.558475445
11244,0.314838403
11256,0.44738172
11267,0.387271019
11272,0.558475445
11281,0.409525474
11285,0.446402839
11288,0.569112967
11291,0.408699391
11293,0.408195744
11297,0.403202896
11298,0.453903108
11299,0.355391969
11301,0.406947582
11309,0.441617828
11331,0.420243177
11332,0.442061796
11337,0.32868423
11343,0.849388097
11347,0.348475824
11348,0.436622587
11355,0.841148303
11368,0.409525474
11369,0.41845559
11371,0.564018272
11378,0.397801905
11384,0.413350058
11387,0.409150293
11393,0.314838403
11399,0.44738172
11412,0.425254712
11431,0.350319427
11432,0.353989527
11444,0.831652965
11450,0.84576854
11451,0.427370049
11476,0.40333211
11488,0.420151589
11495,0.551359637
11505,0.45173409
11508,0.852811217
11518,0.564018272
11522,0.293670555
11524,0.564018272
11533,0.564018272
11549,0.555648211
11551,0.857522227
11560,0.332964896
11563,0.353601461
11565,0.558430683
11567,0.412458778
11569,0.407129103
11598,0.418611672
11604,0.423274674
11611,0.420282373
11617,0.589198941
11626,0.558475445
11642,0.405993033
11643,0.405820001
11648,0.403079071
11651,0.345716752
11663,0.360155416
11666,0.487630918
11685,0.548122605
11686,0.397607809
11698,0.34238734
11708,0.432266687
11711,0.416939549
11718,0.353119941
11742,0.345274644
11761,0.438649259
11767,0.405494058
11768,0.323309693
11775,0.421116513
11779,0.558475445
11786,0.848546318
11790,0.557828474
11791,0.408357621
11796,0.080123387
11806,0.418107337
11810,0.356004937
11811,0.353601461
11814,0.814959463
11816,0.356004937
11820,0.415885569
11822,0.432001311
11829,0.404124782
11832,0.398650958
11834,0.559046091
11836,0.416378201
11837,0.443495058
11844,0.623731907
11847,0.447847428
11864,0.564018272
11865,0.417298689
11872,0.424582906
11873,0.564018272
11886,0.569001701
11894,0.417129175
11905,0.412458778
11906,0.304685754
11907,0.405534821
11912,0.347746458
11914,0.542982897
11918,0.408357621
11924,0.351663349
11929,0.854358858
11930,0.351268623
11936,0.398858236
11937,0.412738328
11954,0.562918686
11957,0.411865073
11964,0.470311818
11968,0.286020467
11972,0.562918686
11976,0.407603117
11979,0.361799797
11981,0.351663349
11983,0.415358716
11989,0.270850976
11991,0.351819282
11998,0.352889401
12003,0.429882678
12007,0.353890435
12011,0.425665593
12014,0.39465089
12024,0.334191161
12033,0.399943328
12034,0.421620745
12041,0.339843561
12046,0.564018272
12056,0.417129175
12064,0.396975572
12069,0.39628859
12070,0.326219831
12071,0.350149934
12072,0.44763816
12078,0.34238734
12091,0.428125539
12092,0.545670882
12094,0.431418791
12098,0.397489317
12103,0.348202648
12115,0.559622272
12118,0.570204617
12122,0.389773654
12125,0.836689876
12133,0.417129175
12137,0.564018272
12141,0.350370509
12143,0.405405606
12144,0.564018272
12154,0.358347372
12163,0.390549348
12170,0.377232208
12193,0.346745424
12196,0.40471221
12206,0.452487741
12209,0.564022755
12214,0.420624862
12228,0.346745424
12233,0.451734137
12238,0.56357014
12242,0.394270713
12245,0.420219041
12247,0.414208823
12251,0.351634796
12287,0.419949573
12292,0.564686651
12304,0.356462939
12317,0.555648211
12320,0.564018272
12323,0.564588917
12328,0.410361684
12333,0.558475445
12334,0.40691492
12335,0.397108508
12352,0.571341859
12358,0.396311336
12364,0.423481101
12376,0.40691492
12396,0.408192758
12402,0.846337015
12406,0.411401168
12408,0.34238734
12410,0.828847431
12413,0.413642027
12417,0.395728409
12424,0.405405606
12425,0.356079442
12426,0.352094214
12430,0.416332353
12432,0.555136824
12433,0.429576371
12451,0.312617914
12457,0.418107337
12465,0.564018272
12468,0.420219041
12474,0.410479281
12475,0.564018272
12486,0.554774853
12487,0.418477806
12514,0.401457482
12524,0.844311672
12526,0.320178519
12530,0.369870464
12532,0.304629538
12593,0.418611672
12599,0.420509593
12600,0.371149321
12603,0.413390954
12624,0.851931602
12630,0.417212177
12638,0.413650197
12641,0.564018272
12643,0.564018272
12656,0.420414669
12666,0.402126529
12673,0.564018272
12675,0.44763816
12678,0.418668749
12692,0.076955745
12693,0.846960842
12707,0.445357811
12711,0.558475445
12716,0.45173409
12717,0.564018272
12723,0.427355565
12738,0.320058361
12742,0.347746458
12746,0.381001674
12753,0.564018272
12758,0.410970301
12760,0.341386306
12763,0.405534821
12764,0.420219041
12768,0.349369475
12776,0.415848352
12777,0.418492205
12783,0.82655827
12804,0.40711931
12824,0.347222858
12839,0.416017865
12847,0.44738172
12850,0.853432646
12867,0.569112967
12883,0.433527277
12887,0.347746458
12890,0.326219831
12903,0.442355983
12906,0.330156421
12907,0.255540387
12909,0.448042098
12912,0.40885017
12915,0.346745424
12930,0.628329069
12931,0.414832395
12934,0.412142879
12951,0.404521307
12955,0.416113219
12973,0.570204617
12988,0.350149934
12999,0.353564994
13015,0.399222109
13026,0.482836588
13036,0.347332845
13039,0.337419616
13040,0.44763816
13041,0.548101701
13043,0.843575558
13057,0.426933976
13064,0.351202913
13068,0.564018272
13069,0.426944652
13073,0.401233814
13079,0.564018272
13086,0.344790816
13089,0.470311818
13093,0.348608592
13097,0.564018272
13098,0.417129175
13105,0.347746458
13107,0.43189546
13108,0.533403539
13110,0.351400096
13112,0.437413939
13114,0.312544205
13118,0.350399062
13127,0.350260907
13129,0.3491489
13142,0.848546318
13146,0.564018272
13149,0.55892806
13157,0.437080787
13158,0.412760469
13159,0.437409942
13161,0.426459454
13162,0.410431116
13166,0.438880986
13168,0.408420408
13170,0.841148303
13186,0.406446831
13191,0.418306883
13203,0.412629685
13209,0.411584758
13212,0.433076061
13213,0.338934703
13222,0.420219041
13229,0.412795704
13234,0.439062649
13257,0.565223014
13258,0.360432951
13268,0.421317358
13270,0.408192758
13291,0.420354321
13292,0.619686441
13299,0.422183376
13307,0.824131015
13309,0.307737224
13311,0.410560331
13312,0.418477806
13322,0.337550267
13324,0.565223014
13330,0.421594289
13338,0.433206053
13344,0.454174152
13348,0.341248704
13355,0.410592993
13365,0.841148303
13368,0.418694388
13370,0.408243572
13372,0.426933976
13377,0.559887992
13385,0.558580601
13389,0.45336953
13393,0.561431778
13395,0.426316768
13404,0.434441373
13411,0.396636429
13416,0.397101019
13434,0.400878116
13435,0.421390704
13445,0.347859907
13446,0.351727876
13451,0.560835591
13462,0.414492682
13464,0.327270982
13466,0.399123254
13471,0.360977835
13472,0.563313725
13477,0.559033216
13481,0.41530714
13484,0.620115942
13490,0.344753239
13492,0.416104189
13500,0.450127296
13508,0.407408416
13516,0.346225225
13525,0.380066492
13526,0.565223014
13530,0.424775816
13532,0.35340408
13538,0.364523978
13546,0.410592993
13548,0.351877301
13550,0.568816119
13551,0.41463038
13564,0.424239774
13566,0.565223014
13570,0.408046461
13580,0.410592993
13585,0.418107337
13588,0.405405714
13592,0.565178251
13594,0.378789879
13609,0.438490013
13610,0.611557815
13613,0.33092842
13625,0.41496318
13626,0.555979595
13639,0.555979595
13645,0.841148303
13647,0.437093855
13648,0.40412489
13652,0.565223014
13654,0.565223014
13664,0.565223014
13673,0.414271945
13684,0.41578829
13690,0.360977835
13693,0.439854001
13696,0.454174152
13700,0.654689666
13701,0.307737224
13707,0.439854001
13713,0.418107337
13714,0.405211511
13716,0.414271945
13720,0.401457482
13727,0.407270369
13733,0.321583052
13738,0.404335127
13757,0.356375243
13759,0.434441373
13761,0.565223014
13767,0.448842901
13782,0.424915706
13786,0.360977835
13787,0.400878116
13792,0.433100202
13795,0.421261489
13798,0.5547774
13807,0.220521166
13809,0.4252813
13811,0.342567057
13815,0.399081572
13817,0.450127296
13818,0.431819378
13822,0.408984109
13824,0.355160024
13829,0.45028749
13832,0.809289883
13840,0.555697002
13841,0.556267647
13868,0.4144329
13871,0.82655827
13880,0.408188394
13888,0.420354321
13890,0.559025151
13891,0.350263383
13895,0.354545796
13907,0.404740169
13910,0.420219041
13912,0.448842901
13913,0.40333211
13923,0.421695493
13929,0.42011145
13936,0.422539062
13946,0.443560725
13950,0.556852953
13951,0.392475511
13954,0.407759814
13958,0.40660721
13969,0.409150293
13980,0.343831344
13981,0.565223014
13986,0.411317769
13987,0.360515358
13989,0.448891975
13992,0.443173835
13994,0.565223014
14001,0.454174152
14002,0.410560331
14004,0.416275096
14006,0.405957386
14012,0.442277669
14021,0.391620898
14024,0.414792256
14045,0.407139585
14047,0.630980861
14057,0.40286752
14059,0.313216485
14060,0.361115531
14068,0.355326073
14070,0.413452296
14074,0.411052881
14076,0.438645262
14089,0.438775713
14115,0.42202799
14116,0.442078169
14128,0.420354321
14131,0.41578829
14134,0.565223014
14137,0.421432413
14138,0.36165926
14139,0.565223014
14152,0.384826133
14153,0.825768271
14155,0.403036824
14156,0.565223014
14164,0.430028473
14165,0.570981604
14171,0.333575585
14174,0.400119825
14181,0.564573703
14186,0.670194855
14192,0.416017865
14201,0.418611672
14210,0.560132802
14214,0.417298689
14231,0.40772943
14236,0.454174152
14241,0.565223014
14245,0.407886541
14249,0.418644402
14251,0.559151246
14262,0.408195744
14265,0.313822854
14267,0.411658648
14270,0.846439143
14276,0.421228827
14279,0.352138045
14281,0.414208823
14289,0.420219041
14290,0.434441373
14293,0.421594289
14295,0.54366649
14297,0.51976165
14298,0.565223014
14310,0.313745165
14312,0.559680187
14315,0.559680187
14318,0.423274674
14319,0.404335127
14325,0.433206053
14331,0.402738305
14334,0.354170076
14341,0.418227493
14343,0.843341285
14344,0.41035419
14346,0.416275096
14347,0.417129175
14349,0.39628859
14352,0.411584758
14358,0.352282748
14361,0.44779511
14363,0.454174152
14374,0.424372991
14376,0.564123427
14381,0.434441373
14398,0.418156856
14410,0.338934703
14412,0.551392381
14415,0.568816119
14423,0.433100202
14425,0.370759794
14436,0.419980665
14444,0.414208823
14455,0.556836389
14465,0.418477806
14469,0.565178251
14471,0.417129175
14475,0.44202123
14479,0.362915948
14480,0.354604972
14488,0.388322623
14491,0.564123427
14501,0.404057389
14520,0.424582906
14522,0.448586462
14523,0.423274674
14537,0.535271976
14538,0.448842901
14550,0.403020389
14561,0.355547633
14575,0.565223014
14586,0.403957706
14592,0.575424817
14601,0.418107337
14602,0.355160024
14604,0.426141811
14606,0.408688293
14627,0.416113219
14641,0.453133502
14652,0.413713804
14662,0.418107337
14665,0.41578829
14673,0.401922072
14675,0.558580601
14679,0.607719367
14683,0.410431116
14686,0.354545796
14705,0.570981604
14708,0.400502933
14709,0.523690946
14710,0.380765621
14715,0.423274674
14717,0.413682859
14723,0.410784995
14725,0.438618681
14727,0.433206053
14728,0.403170234
14735,0.414810179
14746,0.390711224
14752,0.565793659
14757,0.426270186
14762,0.352756548
14763,0.32224699
14797,0.364997779
14812,0.352756548
14818,0.450127296
14825,0.40286752
14827,0.360045342
14829,0.410784995
14830,0.560438256
14837,0.420727131
14849,0.5619266
14863,0.412261707
14869,0.414834679
14882,0.425007458
14884,0.431156613
14886,0.448922554
14888,0.555284649
14890,0.404286059
14904,0.338148981
14938,0.555284649
14952,0.401680597
14958,0.422985998
14963,0.417624817
14979,0.4461464
14980,0.344916697
14986,0.429379316
14988,0.544155797
15003,0.4461464
15006,0.56701382
15009,0.835926334
15015,0.390463007
15024,0.42274647
15030,0.424363174
15036,0.559727889
15038,0.427925667
15039,0.560827475
15047,0.562511292
15049,0.424363174
15056,0.812028416
15068,0.409932006
15070,0.403185407
15073,0.413628978
15081,0.419860189
15084,0.43189546
15088,0.831448892
15092,0.43066014
15095,0.355847038
15097,0.405689881
15098,0.363951627
15115,0.521996257
15120,0.560827475
15126,0.344228712
15133,0.497788331
15143,0.40542078
15156,0.529521666
15164,0.45296941
15178,0.421869762
15198,0.583016999
15200,0.620796956
15208,0.076955745
15214,0.437857907
15218,0.415422106
15231,0.348323543
15238,0.347322509
15239,0.347322509
15240,0.349697433
15249,0.42682735
15256,0.346632188
15260,0.448922554
15290,0.560827475
15307,0.84893191
15308,0.45296941
15321,0.619351059
15323,0.424363174
15325,0.407008073
15342,0.555855294
15346,0.414868946
15349,0.418511972
15354,0.344709195
15362,0.424327487
15379,0.420748539
15383,0.38709898
15394,0.330150905
15401,0.432696155
15405,0.355064615
15407,0.349178263
15412,0.428576044
15413,0.417653227
15415,0.45173409
15427,0.427283527
15430,0.415655082
15436,0.41243648
15439,0.425546526
15443,0.552457414
15444,0.419103444
15445,0.560827475
15450,0.324282534
15456,0.560827475
15465,0.56139812
15466,0.438715154
15470,0.419860189
15474,0.436099349
15476,0.367373984
15482,0.433236632
15492,0.56139812
15510,0.42572044
15519,0.352488498
15523,0.294646684
15535,0.417624817
15561,0.800221056
15564,0.421304317
15566,0.424193661
15579,0.34411774
15580,0.42729522
15581,0.341714264
15587,0.42483275
15589,0.414158747
15591,0.422871946
15597,0.368674188
15620,0.446590368
15627,0.414331629
15636,0.544608412
15653,0.408747349
15662,0.8461973
15664,0.430968972
15666,0.417653227
15667,0.346094505
15674,0.519779324
15692,0.421273309
15715,0.346607581
15736,0.427283527
15744,0.412167379
15746,0.338259954
15758,0.409932006
15760,0.44763816
15766,0.422371626
15767,0.395387109
15789,0.560827475
15810,0.446404178
15818,0.423666287
15820,0.36147162
15830,0.325508587
15844,0.354719587
15850,0.298866777
15857,0.416868071
15863,0.831588708
15869,0.448922554
15872,0.390816083
15873,0.337772603
15884,0.41805199
15885,0.414732874
15891,0.422693399
15898,0.402246169
15900,0.403331129
15932,0.427283527
15940,0.423804029
15944,0.419459786
15945,0.387299488
15963,0.420130493
15970,0.363951627
15977,0.56139812
15982,0.332664679
15985,0.423402349
15995,0.417624817
16004,0.42729522
16005,0.555284649
16011,0.44763816
16019,0.56701382
16021,0.369506507
16051,0.560827475
16065,0.555284649
16066,0.42729522
16076,0.555284649
16091,0.419531272
16094,0.559062156
16101,0.446402839
16104,0.551584056
16113,0.54604123
16114,0.428636392
16115,0.54604123
16127,0.43187132
16128,0.347073382
16138,0.428576044
16139,0.559727889
16142,0.348475824
16144,0.414921274
16148,0.608648187
16151,0.349476858
16156,0.42876557
16165,0.428636392
16166,0.345602602
16179,0.621644218
16193,0.425716039
16196,0.367876003
16198,0.414665361
16210,0.428636392
16232,0.559727889
16237,0.469684066
16240,0.41791052
16252,0.432235346
16259,0.350413937
16262,0.563973509
16263,0.370741827
16270,0.560827475
16272,0.410947332
16290,0.40839606
16295,0.566586065
16297,0.421558203
16299,0.365140634
16300,0.426814356
16302,0.409932006
16303,0.410166843
16305,0.424363174
16309,0.430667209
16312,0.416868071
16320,0.532274885
16326,0.417653227
16327,0.348212571
16338,0.429124826
16342,0.344366867
16346,0.415624281
16348,0.417586357
16355,0.396588216
16356,0.414331629
16378,0.436622587
16382,0.429674361
16391,0.349476858
16392,0.417657479
16395,0.560827475
16399,0.42449841
16403,0.354362176
16408,0.34411774
16413,0.424193661
16415,0.44763816
16417,0.4362052
16420,0.367108401
16431,0.409384874
16439,0.442114265
16444,0.404831935
16446,0.241821336
16451,0.408884998
16454,0.342343557
16461,0.445355048
16462,0.402785802
16469,0.41667843
16484,0.407310326
16486,0.547566698
16487,0.348703709
16491,0.410592993
16494,0.445355048
16507,0.518009043
16508,0.447930957
16519,0.403416189
16523,0.418069932
16526,0.542982897
16530,0.343814337
16532,0.437857907
16542,0.446402839
16550,0.43189546
16555,0.418057522
16558,0.41530714
16567,0.424372991
16576,0.410560331
16579,0.433236632
16595,0.426944652
16598,0.344815371
16600,0.344341571
16604,0.558475445
16605,0.557375859
16607,0.529536815
16610,0.411284975
16612,0.808116133
16617,0.446404178
16625,0.549625391
16632,0.576005993
16634,0.543553542
16650,0.378587179
16654,0.412795704
16655,0.410592993
16656,0.40286752
16657,0.416220218
16660,0.41578829
16662,0.576576638
16669,0.405993033
16675,0.529393283
16676,0.427316166
16678,0.336830818
16679,0.411447486
16693,0.353211396
16701,0.441403357
16715,0.343306753
16722,0.45296941
16724,0.415186984
16727,0.439347098
16735,0.347218847
16741,0.437413939
16752,0.338455219
16758,0.439407911
16765,0.408130379
16771,0.344270527
16785,0.268866604
16793,0.414208823
16800,0.525795081
16805,0.344815371
16809,0.330552322
16820,0.436784354
16827,0.417298689
16830,0.404740169
16843,0.842969228
16847,0.463864943
16855,0.532146522
16860,0.542982897
16862,0.4461464
16863,0.363974181
16872,0.304444213
16874,0.344273755
16876,0.41496318
16893,0.412672961
16895,0.543553542
16914,0.560227036
16917,0.350403128
16926,0.356577558
16930,0.416826513
16931,0.347447486
16932,0.403624958
16934,0.420219041
16937,0.418057522
16941,0.361916769
16942,0.841648519
16957,0.397121299
16962,0.425393273
16967,0.434864029
16968,0.55892806
16972,0.424615845
16974,0.408150452
16984,0.404764516
16987,0.392614397
16994,0.537364895
16995,0.407730948
16999,0.357750551
17034,0.398821493
17038,0.409150293
17040,0.341859729
17050,0.372475258
17068,0.344676471
17077,0.411678476
17079,0.413906968
17082,0.416017865
17085,0.424615845
17087,0.349733295
17099,0.480295969
17105,0.341970701
17108,0.45296941
17110,0.446402839
17111,0.412738328
17123,0.542982897
17124,0.421594289
17130,0.436287916
17138,0.416307665
17143,0.558799898
17157,0.447687234
17160,0.438490013
17166,0.396060929
17167,0.464034018
17179,0.542982897
17180,0.448245815
17189,0.405405714
17197,0.542982897
17219,0.417129175
17223,0.44763816
17225,0.424248147
17229,0.479919922
17234,0.410224975
17235,0.432001311
17239,0.416994967
17242,0.347218847
17243,0.424582906
17246,0.41261534
17247,0.346328786
17255,0.479060648
17258,0.542982897
17260,0.542461748
17264,0.393683108
17270,0.440025136
17271,0.446590368
17272,0.378659176
17285,0.411052881
17294,0.415670973
17297,0.398892088
17298,0.623584667
17299,0.406314827
17306,0.43066014
17324,0.313459577
17326,0.418846286
17330,0.421507444
17345,0.348732261
17351,0.411364048
17352,0.343814337
17372,0.443349586
17381,0.429104962
17385,0.399222109
17388,0.383456869
17390,0.41390616
17392,0.418107337
17399,0.43189546
17404,0.346328786
17407,0.419073498
17408,0.564234036
17416,0.628291299
17418,0.345064499
17434,0.560721858
17438,0.52631623
17443,0.575963207
17444,0.408195744
17453,0.564018272
17460,0.407585227
17467,0.350959348
17480,0.347289249
17488,0.548190963
17490,0.440627921
17493,0.40286752
17498,0.341859729
17503,0.418107337
17513,0.387104423
17520,0.534899544
17525,0.433236632
17534,0.309529323
17545,0.42231416
17553,0.410395882
17554,0.406431004
17557,0.41845559
17563,0.421778209
17576,0.435257275
17577,0.346328786
17580,0.448922554
17582,0.412458778
17596,0.420336351
17597,0.413910509
17602,0.542461748
17614,0.42812745
17623,0.410620429
17624,0.381620059
17627,0.423274674
17628,0.33837216
17630,0.40286752
17634,0.569732099
17640,0.348155926
17652,0.54820127
17657,0.43066014
17661,0.438649259
17662,0.349733295
17666,0.313417661
17682,0.636222835
17688,0.564558489
17693,0.408357621
17705,0.420336351
17711,0.419584455
17715,0.346217813
17717,0.408357621
17721,0.423274674
17728,0.334820941
17737,0.341777322
17745,0.408228406
17755,0.400789252
17764,0.439958768
17774,0.410784995
17785,0.343797842
17786,0.429422208
17789,0.347329819
17802,0.344374177
17810,0.45296941
17819,0.438649259
17825,0.447687234
17828,0.406791354
17833,0.422857322
17841,0.44763816
17842,0.414792256
17844,0.419205654
17849,0.348732261
17855,0.410395882
17857,0.741884508
17861,0.343551084
17863,0.417129175
17868,0.347467975
17876,0.417129175
17882,0.410223406
17885,0.337002977
17893,0.399891157
17894,0.333487494
17902,0.446402839
17906,0.353589027
17911,0.54820127
17917,0.407338747
17921,0.450774549
17941,0.434602403
17945,0.382358551
17949,0.44763816
17954,0.353589027
17957,0.414832395
17958,0.549508831
17960,0.407468641
17985,0.433236632
18000,0.537364895
18002,0.45296941
18008,0.340858695
18014,0.4461464
18015,0.800041404
18019,0.45173409
18021,0.417917786
18026,0.46648346
18029,0.349733295
18034,0.441969093
18035,0.3473574
18036,0.523230859
18039,0.534637879
18066,0.418642961
18076,0.412760469
18089,0.446402839
18104,0.453260869
18110,0.403643613
18129,0.44738172
18131,0.433236632
18133,0.419755713
18136,0.34411774
18148,0.530026889
18152,0.076955745
18167,0.418492205
18177,0.415186984
18178,0.349476858
18183,0.403170234
18194,0.416826513
18197,0.557826135
18213,0.287841761
18214,0.306507048
18221,0.298355444
18227,0.310828304
18239,0.576005993
18245,0.437857907
18266,0.449082748
18267,0.573570764
18274,0.283984104
18283,0.418227493
18297,0.340172922
18302,0.41390616
18303,0.436769632
18315,0.411447486
18324,0.34958783
18326,0.439392601
18334,0.415004478
18336,0.34958783
18344,0.407056965
18346,0.424554991
18347,0.420199844
18350,0.413910509
18352,0.418107337
18364,0.431685224
18366,0.421484478
18373,0.423274674
18391,0.433811051
18393,0.405436854
18395,0.412458778
18400,0.630967221
18408,0.411359167
18421,0.401457482
18425,0.40432924
18443,0.337831656
18451,0.40885017
18456,0.419949573
18458,0.533739478
18460,0.342962089
18467,0.536788867
18468,0.426947493
18475,0.5436219
18485,0.311829338
18494,0.498186599
18495,0.791183053
18508,0.401105147
18530,0.409150293
18533,0.405436854
18547,0.403269411
18548,0.335510023
18553,0.360008562
18561,0.407353768
18565,0.563973509
18572,0.335744853
18593,0.347935516
18600,0.418611672
18621,0.413888293
18629,0.559046091
18637,0.348586796
18649,0.354473148
18653,0.409525474
18660,0.333784336
18671,0.431685224
18672,0.313491192
18677,0.4461464
18681,0.85853524
18684,0.838057374
18686,0.45173409
18689,0.406303076
18690,0.417330848
18709,0.408049246
18716,0.565799033
18723,0.426685135
18773,0.407759814
18782,0.410224975
18797,0.579599099
18810,0.349003058
18817,0.411211406
18820,0.570787619
18825,0.348586796
18837,0.415848352
18850,0.410224975
18857,0.539774901
18861,0.500346526
18867,0.418306883
18870,0.423274674
18877,0.558475445
18887,0.529393283
18898,0.410264933
18900,0.416826513
18914,0.412347596
18921,0.55892806
18922,0.577835181
18945,0.442543512
18947,0.447687234
18953,0.391951925
18954,0.349476858
18957,0.421532024
18960,0.42710812
18973,0.357595906
18983,0.55892806
18990,0.419205654
18991,0.45192876
18993,0.357777235
18995,0.417298689
18996,0.400502933
19003,0.403054303
19014,0.414975466
19015,0.406561733
19019,0.45173409
19028,0.441617828
19038,0.564018272
19040,0.542461748
19046,0.347073382
19051,0.344601568
19054,0.84579248
19056,0.407270369
19074,0.399222109
19085,0.45296941
19099,0.850347379
19124,0.441617828
19134,0.415186984
19141,0.279196002
19146,0.442114265
19150,0.410784995
19170,0.341631857
19176,0.355789863
19187,0.423797
19189,0.42127839
19202,0.411813148
19208,0.421594289
19209,0.348475824
19210,0.573280225
19216,0.41440159
19217,0.42199385
19218,0.715231575
19223,0.434762597
19240,0.34071323
19246,0.537364895
19269,0.349725985
19275,0.493657204
19287,0.412629685
19298,0.40286752
19303,0.410691488
19313,0.431955808
19325,0.337433544
19326,0.357433127
19328,0.422380195
19330,0.410363023
19340,0.421695493
19342,0.404455693
19343,0.405102893
19344,0.421532024
19363,0.306507048
19364,0.418107337
19371,0.284509617
19376,0.436099349
19377,0.308910524
19381,0.426944652
19384,0.537364895
19390,0.52452661
19402,0.391837364
19405,0.395393751
19409,0.410687814
19418,0.433236632
19429,0.569663969
19446,0.425714163
19458,0.432001311
19460,0.426773136
19462,0.44846979
19465,0.401028357
19472,0.564390665
19480,0.403720146
19503,0.553999511
19507,0.417012144
19517,0.31720245
19533,0.4461464
19537,0.45069344
19541,0.416290379
19563,0.418397006
19566,0.578257946
19568,0.584016536
19576,0.402785802
19591,0.399436292
19597,0.580226734
19619,0.445118082
19622,0.56626887
19623,0.423797
19624,0.368831738
19627,0.421594289
19629,0.445407207
19633,0.416113219
19639,0.327797075
19641,0.366598389
19643,0.401457482
19649,0.44763816
19652,0.586977014
19657,0.35408698
19660,0.561976035
19668,0.790597204
19678,0.40024588
19686,0.45173409
19690,0.346072348
19694,0.429902099
19695,0.407923162
19702,0.45296941
19712,0.575117455
19720,0.551845443
19735,0.40286752
19739,0.356518095
19740,0.554883717
19743,0.329810357
19750,0.363791817
19752,0.407802075
19754,0.399140391
19762,0.583560979
19770,0.355287269
19775,0.429152277
19777,0.412843868
19782,0.354362176
19783,0.559300453
19786,0.410395882
19805,0.422873483
19808,0.472623771
19819,0.434602403
19821,0.297434843
19827,0.417298689
19830,0.425133607
19832,0.41996627
19833,0.42805396
19834,0.355115653
19843,0.420151589
19844,0.34411774
19846,0.351186557
19847,0.302748457
19850,0.568961788
19851,0.352520095
19861,0.630891584
19873,0.540968711
19878,0.378088408
19886,0.408195744
19892,0.400502933
19901,0.409519455
19902,0.541791692
19920,0.529356683
19921,0.341714264
19922,0.393300537
19929,0.580207666
19932,0.571573258
19935,0.357519129
19936,0.408228406
19946,0.580994076
19950,0.474987648
19952,0.417129175
19955,0.593211254
19976,0.432735924
19983,0.360035877
19987,0.343116706
19991,0.806983498
19996,0.4466146
20007,0.534579027
20015,0.362404446
20019,0.357519129
20023,0.424024299
20034,0.413349556
20036,0.352160011
20038,0.424915706
20039,0.362404446
20040,0.402296369
20045,0.580207666
20046,0.448338714
20048,0.412598593
20060,0.574989292
20068,0.288401719
20074,0.571044317
20111,0.414208823
20117,0.349476858
20125,0.364914061
20129,0.433367083
20134,0.345877454
20135,0.295912462
20139,0.418654966
20142,0.588477459
20147,0.400502933
20154,0.575485546
20157,0.348755501
20169,0.292739469
20179,0.34071323
20202,0.439506506
20207,0.559172291
20215,0.445355048
20216,0.834398961
20217,0.605388336
20218,0.605388336
20219,0.424838405
20226,0.370276027
20236,0.355115653
20239,0.348475824
20246,0.35096172
20247,0.480295969
20253,0.420251201
20255,0.341714264
20268,0.357788455
20270,0.583560979
20271,0.410431116
20279,0.493292084
20282,0.55486185
20295,0.343679609
20302,0.534746302
20305,0.542737288
20306,0.559300453
20308,0.345878933
20330,0.424615845
20335,0.576066079
20344,0.423370495
20349,0.586977014
20360,0.408357621
20362,0.45296941
20378,0.403202896
20394,0.359457241
20397,0.569366559
20403,0.45296941
20405,0.413164866
20415,0.414208823
20417,0.395991707
20420,0.401457482
20425,0.592195387
20430,0.578470767
20435,0.42805396
20443,0.420272659
20446,0.592195387
20458,0.415027612
20459,0.438649259
20467,0.426231924
20470,0.566030431
20482,0.441617828
20489,0.446402839
20495,0.36000097
20496,0.420177502
20497,0.436622587
20505,0.566354884
20509,0.824191779
20535,0.424600961
20539,0.572015779
20544,0.442061796
20547,0.403592799
20556,0.296669681
20557,0.401922944
20575,0.415832166
20577,0.45296941
20596,0.440007842
20597,0.543025175
20602,0.422819752
20603,0.545940673
20609,0.605343573
20618,0.340630171
20621,0.438649259
20628,0.30986917
20634,0.576232262
20637,0.408420408
20641,0.416301552
20642,0.564930845
20647,0.409364476
20655,0.404673768
20656,0.339170485
20661,0.349756535
20664,0.566570648
20674,0.592116722
20679,0.448922554
20680,0.413349556
20683,0.841148303
20687,0.357519129
20688,0.798421699
20695,0.35096172
20696,0.36000097
20699,0.349960686
20701,0.326796041
20702,0.442355983
20704,0.345877454
20721,0.426577051
20725,0.35096172
20731,0.400878116
20741,0.564390665
20742,0.354114619
20753,0.439958768
20756,0.357112739
20769,0.294005069
20771,0.381811273
20774,0.395253945
20777,0.422819752
20781,0.426944652
20797,0.414792256
20808,0.349476858
20810,0.403202896
20820,0.24017476
20823,0.772307745
20829,0.815826864
20832,0.401247465
20833,0.335744853
20837,0.330385735
20838,0.435393922
20839,0.347458294
20847,0.410744854
20861,0.31720245
20869,0.825483373
20875,0.341534304
20877,0.571573258
20889,0.338148981
20894,0.505795244
20901,0.416104189
20919,0.479060648
20923,0.349960686
20935,0.542843381
20937,0.349697433
20939,0.800557586
20940,0.416275096
20943,0.298111708
20946,0.416720361
20950,0.421605799
20961,0.58741063
20965,0.420747596
20967,0.592195387
20969,0.45296941
20970,0.408357621
20975,0.446590368
20987,0.34553204
20995,0.449082748
20998,0.581321267
21002,0.332810333
21012,0.704871406
21013,0.546576002
21015,0.377026378
21017,0.44738172
21020,0.325601307
21028,0.382730082
21031,0.40003678
21036,0.295674377
21040,0.325601307
21048,0.42710812
21049,0.344482658
21051,0.395469482
21070,0.38269742
21072,0.442061796
21079,0.420243177
21090,0.408228406
21093,0.420509593
21104,0.340034594
21114,0.385946261
21117,0.41296339
21120,0.347073382
21121,0.365014886
21132,0.304233319
21136,0.417129175
21139,0.426141811
21140,0.390344209
21146,0.416113219
21150,0.349476858
21178,0.573369968
21180,0.566962067
21198,0.4302349
21203,0.428032189
21210,0.426944652
21218,0.410592993
21220,0.403298838
21222,0.28926439
21228,0.567619368
21236,0.43066014
21239,0.341714264
21260,0.417048945
21267,0.462338165
21271,0.350487919
21279,0.433236632
21286,0.349476858
21288,0.420365772
21294,0.391198702
21298,0.321879058
21299,0.410592993
21300,0.535708424
21304,0.350990272
21307,0.433987174
21309,0.28926439
21311,0.420219041
21331,0.360649012
21332,0.564234036
21342,0.410199539
21345,0.424744782
21348,0.562231208
21353,0.409082899
21357,0.432001311
21369,0.415186984
21370,0.564018272
21371,0.392879042
21373,0.295566705
21385,0.400934251
21392,0.442853148
21401,0.544290457
21403,0.417330848
21406,0.559586308
21413,0.508853889
21414,0.572709579
21416,0.575963207
21423,0.548861072
21442,0.534687934
21443,0.423973889
21448,0.449413945
21459,0.433367083
21467,0.419977443
21474,0.408195744
21484,0.564018272
21488,0.354405332
21495,0.356780255
21498,0.384349548
21502,0.417129175
21503,0.408868511
21510,0.423274674
21516,0.562918686
21533,0.558799898
21535,0.412598593
21539,0.45173409
21541,0.428330451
21544,0.422864956
21554,0.418655954
21569,0.410560331
21572,0.534067234
21578,0.424582906
21580,0.4075839
21584,0.343227678
21589,0.555648211
21595,0.340630171
21598,0.354302274
21599,0.355331861
21606,0.397700094
21623,0.404708182
21639,0.439392601
21641,0.397870836
21645,0.34958783
21647,0.393427999
21648,0.39440616
21657,0.427417849
21671,0.38747304
21673,0.470607307
21678,0.383426184
21696,0.438649259
21699,0.402829805
21700,0.346632188
21703,0.417876077
21710,0.412427669
21721,0.407115365
21727,0.353481535
21728,0.457647194
21731,0.404926393
21741,0.385744249
21744,0.411447486
21748,0.349960686
21753,0.392380901
21756,0.540836057
21763,0.386121112
21767,0.45173409
21772,0.559015662
21774,0.340135734
21775,0.424915706
21780,0.44738172
21787,0.416946669
21805,0.344978054
21828,0.42655686
21831,0.353657339
21837,0.338809598
21842,0.347925259
21849,0.341851684
21856,0.40152473
21858,0.42492044
21862,0.409889191
21864,0.341536555
21867,0.415769632
21879,0.420520377
21881,0.420351133
21883,0.439456174
21891,0.335083968
21892,0.421630192
21902,0.40730088
21909,0.40731506
21914,0.447654951
21918,0.336651237
21919,0.334276314
21926,0.437538688
21930,0.443608094
21934,0.4423237
21940,0.338122017
21945,0.441312444
21948,0.56986042
21953,0.334165341
21954,0.442372774
21956,0.408335737
21963,0.550890087
21970,0.402455733
21984,0.337648217
21997,0.378752568
21999,0.420940843
22001,0.336092311
22002,0.402914994
22010,0.334486546
22013,0.334486546
22022,0.327535066
22024,0.304629485
22028,0.333112656
22029,0.559452305
22045,0.342939519
22049,0.410533892
22064,0.447654951
22069,0.347925259
22074,0.413623758
22082,0.343039942
22084,0.436654633
22090,0.574872509
22096,0.442067261
22100,0.360870516
22105,0.359599601
22119,0.408002937
22130,0.343039942
22152,0.402416489
22155,0.399496136
22164,0.316157531
22173,0.419268446
22194,0.41275062
22209,0.345521783
22217,0.384049685
22220,0.436654633
22222,0.565807136
22244,0.318670207
22245,0.395277583
22250,0.411814716
22256,0.576982852
22261,0.570213504
22264,0.410816185
22270,0.418107337
22279,0.570885865
22280,0.342038908
22284,0.335166375
22288,0.428330451
22293,0.419754271
22297,0.843575558
22307,0.543560128
22310,0.36183295
22319,0.408888482
22324,0.334276314
22326,0.420450326
22327,0.357200417
22329,0.345410811
22331,0.440040588
22340,0.559379932
22342,0.418107337
22347,0.405116656
22351,0.424214659
22357,0.345410811
22361,0.402093957
22371,0.357364995
22373,0.56667456
22391,0.424714013
22404,0.414635113
22409,0.610206192
22411,0.403043161
22428,0.3497524
22436,0.3497524
22444,0.474665399
22445,0.401012425
22451,0.343007335
22463,0.358637167
22464,0.332762899
22467,0.570429269
22472,0.400220361
22485,0.570213504
22497,0.416955452
22504,0.580435907
22508,0.40990478
22516,0.330844165
22522,0.306914329
22527,0.423274674
22543,0.421630192
22549,0.347925259
22551,0.497788331
22557,0.408894363
22562,0.334276314
22567,0.340614596
22572,0.39264034
22575,0.411789805
22578,0.411814716
22579,0.399450056
22580,0.337974083
22581,0.334355388
22591,0.436518069
22593,0.351745182
22597,0.346895673
22600,0.588387571
22602,0.411814716
22603,0.412913033
22616,0.436654633
22617,0.340525493
22622,0.313233587
22623,0.39162397
22624,0.553761931
22628,0.411814716
22640,0.397423846
22641,0.342566141
22653,0.438490013
22660,0.419205654
22672,0.433334799
22674,0.411405901
22689,0.423274674
22698,0.36059763
22705,0.408425142
22709,0.570429269
22711,0.343940553
22714,0.543560128
22715,0.346455001
22729,0.437905923
22730,0.437905923
22733,0.430109546
22750,0.315686469
22754,0.415186984
22756,0.413106885
22758,0.531401425
22767,0.47590072
22768,0.401301254
22769,0.437042862
22776,0.4423237
22778,0.340636466
22780,0.44083194
22789,0.4423237
22797,0.420399703
22799,0.410400616
22814,0.340525493
22818,0.364052452
22821,0.404211014
22823,0.419301386
22841,0.31646002
22847,0.339524459
22848,0.415186984
22862,0.339635432
22875,0.570213504
22877,0.442067261
22887,0.431715003
22892,0.443608094
22899,0.435993732
22901,0.390351262
22907,0.404593491
22909,0.551939541
22926,0.353206524
22927,0.364052452
22930,0.381368196
22934,0.402219873
22937,0.349476858
22939,0.54696736
22949,0.351517506
22951,0.551939541
22955,0.346089185
22965,0.842393837
22966,0.546396715
22968,0.812532207
22972,0.551578222
22975,0.551578222
22981,0.4054186
22988,0.546396715
22994,0.353485478
22996,0.551939541
23011,0.541493928
23028,0.546396715
23031,0.389260363
23035,0.302748457
23038,0.551939541
23042,0.54684933
23049,0.434602403
23051,0.835922033
23053,0.341714264
23057,0.549912514
23058,0.549912514
23063,0.372179734
23064,0.354362176
23067,0.437570971
23071,0.400190642
23075,0.54756459
23077,0.549912514
23090,0.362817132
23094,0.551939541
23097,0.387340916
23103,0.401432881
23107,0.521630705
23117,0.343116706
23122,0.418504262
23124,0.40824465
23126,0.525266554
23129,0.552510187
23136,0.546396715
23141,0.304233319
23142,0.551939541
23147,0.366796044
23154,0.550174223
23159,0.426628593
23165,0.547650967
23171,0.542678787
23173,0.225766344
23175,0.358807017
23179,0.80933128
23182,0.549029456
23185,0.54792987
23188,0.34911403
23189,0.349003058
23209,0.34911403
23214,0.534515803
23215,0.354362176
23233,0.367447974
23241,0.545297129
23252,0.413739602
23255,0.546396715
23263,0.409150293
23281,0.314863095
23282,0.434602403
23289,0.437186265
23292,0.443591303
23296,0.373579508
23297,0.397359741
23301,0.379522951
23302,0.468469385
23304,0.406020993
23309,0.421532024
23312,0.546396715
23316,0.386270474
23321,0.438967299
23342,0.357544372
23344,0.402230652
23350,0.418135939
23367,0.568677249
23368,0.374281185
23374,0.352129256
23387,0.417102621
23389,0.797541086
23399,0.426198006
23403,0.408746466
23406,0.844311672
23414,0.505064224
23415,0.373964095
23419,0.564018272
23436,0.425687665
23439,0.841148303
23444,0.549232027
23445,0.35028562
23455,0.448922554
23469,0.347771172
23472,0.41752412
23477,0.355644738
23478,0.558475445
23479,0.433818187
23487,0.35313029
23490,0.358015607
23491,0.44763816
23492,0.462338165
23494,0.440892914
23496,0.430356391
23497,0.400166433
23506,0.426152502
23515,0.383188073
23528,0.306401889
23532,0.370401681
23549,0.371028318
23551,0.415789066
23552,0.439302729
23555,0.35028562
23556,0.355170938
23564,0.564018272
23583,0.395172432
23592,0.559001328
23597,0.828751253
23601,0.372260981
23605,0.564588917
23615,0.395396388
23619,0.375784029
23621,0.817288989
23626,0.558475445
23635,0.564018272
23637,0.400887196
23640,0.35313029
23646,0.405232853
23655,0.352656489
23672,0.447687234
23673,0.380208816
23682,0.394384157
23683,0.558475445
23699,0.375784029
23704,0.557018772
23707,0.832270551
23713,0.417644309
23714,0.412364379
23716,0.559046091
23718,0.555648211
23721,0.40094358
23735,0.357772047
23737,0.412383442
23744,0.409021474
23749,0.564018272
23755,0.534687934
23769,0.554774853
23772,0.549232027
23773,0.257224946
23774,0.564018272
23779,0.310828304
23782,0.567611378
23793,0.540535331
23803,0.831652965
23828,0.546085536
23833,0.561240928
23834,0.448922554
23844,0.346849212
23845,0.564018272
23852,0.45173409
23855,0.558475445
23867,0.391716857
23872,0.558475445
23874,0.558475445
23880,0.310290227
23886,0.406041501
23898,0.387992298
23900,0.346770138
23903,0.292442085
23907,0.430026128
23908,0.41706989
23912,0.347771172
23916,0.426258353
23917,0.554186871
23918,0.349284586
23922,0.393057201
23928,0.412667041
23940,0.564588917
23944,0.427490846
23945,0.564588917
23951,0.362911866
23966,0.413558356
23970,0.443230282
23971,0.379866045
23976,0.546085536
23980,0.372260981
23987,0.819707111
23988,0.409120707
23993,0.355869757
23997,0.465318412
23998,0.359078197
23999,0.788161918
24010,0.562252953
24015,0.564018272
24023,0.356017594
24033,0.433929957
24046,0.564018272
24060,0.354643704
24062,0.432951805
24065,0.564022755
24070,0.507861423
24071,0.303518168
24073,0.454496189
24079,0.350618806
24082,0.828751253
24084,0.355644738
24089,0.354643704
24094,0.358545406
24100,0.358015607
24105,0.398345447
24106,0.4071722
24108,0.564018272
24111,0.836483126
24120,0.488325953
24125,0.41072485
24134,0.560227036
24140,0.437865043
24151,0.431547214
24153,0.350587914
24154,0.558475445
24161,0.355644738
24166,0.355170938
24170,0.550187639
24176,0.443591303
24182,0.857031409
24188,0.351659509
24190,0.352129256
24201,0.852149554
24211,0.40888335
24215,0.564018272
24216,0.82655827
24219,0.399872992
24222,0.564588917
24240,0.844597472
24243,0.406300428
24245,0.3398741
24251,0.399437941
24256,0.84737525
24258,0.415241877
24261,0.408104996
24263,0.405583167
24264,0.409082265
24266,0.41683536
24273,0.413868817
24278,0.414208823
24289,0.857460043
24292,0.346333367
24293,0.405534821
24298,0.844265809
24299,0.45296941
24303,0.563051568
24304,0.424915706
24305,0.418477806
24329,0.389763844
24341,0.40333211
24345,0.568141779
24353,0.424372991
24358,0.846693064
24364,0.540857439
24367,0.446590368
24370,0.538190742
24377,0.403592799
24380,0.40740747
24381,0.411334516
24387,0.363848568
24391,0.411050792
24409,0.844265809
24413,0.415186984
24416,0.404740169
24427,0.580700146
24439,0.30188626
24443,0.423481101
24448,0.402296369
24454,0.850078348
24455,0.414390149
24461,0.442115604
24464,0.43351976
24468,0.401802528
24469,0.443349586
24501,0.415186984
24508,0.417217876
24519,0.416418658
24520,0.849360503
24538,0.566232491
24540,0.568141779
24550,0.398417291
24552,0.448922554
24561,0.434762597
24577,0.538387697
24579,0.41008732
24580,0.419754271
24582,0.422250511
24591,0.418227493
24592,0.411284975
24599,0.421620745
24602,0.357058367
24606,0.406885894
24617,0.415186984
24619,0.410199539
24630,0.287746209
24633,0.852271331
24634,0.441489908
24638,0.40885017
24641,0.351218685
24644,0.430028473
24645,0.844265809
24656,0.402393595
24661,0.409889191
24663,0.568141779
24667,0.402738305
24669,0.565878802
24682,0.422551119
24698,0.418846286
24699,0.563051568
24702,0.418655954
24703,0.568141779
24717,0.419073384
24724,0.834651326
24731,0.398790709
24737,0.45296941
24740,0.499162328
24743,0.433236632
24744,0.846693064
24755,0.571734885
24757,0.4144329
24765,0.570042553
24766,0.398577699
24776,0.578343582
24787,0.850078348
24789,0.490705554
24791,0.292411255
24792,0.433367083
24804,0.239048587
24812,0.420004585
24816,0.454496189
24817,0.439384686
24820,0.422250511
24828,0.42710812
24832,0.394337222
24836,0.442061796
24842,0.573236474
24846,0.445362189
24847,0.408560541
24848,0.855173043
24851,0.573236474
24855,0.573236474
24856,0.434007585
24871,0.568141779
24874,0.438649259
24877,0.409741784
24889,0.410274888
24897,0.44738172
24899,0.568141779
24908,0.424372991
24913,0.576080605
24923,0.447687234
24933,0.411916158
24971,0.40838558
24973,0.852505603
24993,0.573236474
24998,0.570973497
25000,0.846458791
25001,0.848886046
25002,0.402318532
25003,0.846693064
25009,0.40824465
25024,0.407583283
25026,0.422660229
25027,0.848731712
25034,0.424615845
25050,0.40620121
25057,0.346089185
25067,0.403099806
25075,0.366888251
25081,0.418631522
25085,0.417639998
25093,0.405534821
25097,0.415681984
25103,0.424000476
25104,0.568046573
25109,0.412672961
25112,0.438649259
25113,0.35096172
25114,0.446590368
25119,0.45296941
25121,0.442853148
25122,0.44738172
25124,0.567830809
25131,0.410201243
25134,0.437413939
25144,0.418107337
25147,0.567830809
25148,0.567830809
25149,0.4461464
25155,0.567830809
25169,0.420282373
25177,0.556057997
25178,0.416864182
25179,0.418366538
25180,0.56224322
25191,0.560831309
25199,0.434818525
25232,0.495577917
25241,0.448214766
25242,0.446402839
25243,0.45173409
25246,0.438649259
25259,0.562287983
25265,0.571423915
25278,0.567830809
25280,0.45296941
25284,0.402825759
25286,0.567830809
25288,0.45173409
25318,0.84806111
25330,0.562740598
25333,0.35096172
25339,0.346599582
25340,0.562287983
25346,0.35096172
25349,0.538048523
25351,0.346072348
25361,0.564555443
25366,0.360998997
25368,0.763305008
25369,0.35096172
25370,0.569820596
25375,0.236420752
25376,0.567830809
25377,0.349476858
25379,0.410264933
25382,0.567830809
25386,0.567830809
25389,0.567830809
25399,0.402578308
25400,0.840386779
25401,0.432769165
25407,0.432769165
25409,0.422910267
25412,0.507251301
25416,0.437948105
25418,0.420282373
25423,0.388322623
25436,0.41407968
25439,0.346072348
25442,0.348586796
25445,0.853155804
25446,0.408195744
25453,0.404191996
25456,0.567830809
25458,0.567177656
25460,0.412738328
25461,0.417129175
25468,0.422897795
25470,0.350803048
25471,0.441489908
25482,0.419229702
25501,0.852105658
25504,0.557735755
25515,0.404978475
25518,0.401834885
25528,0.415885569
25533,0.423274674
25543,0.408991079
25548,0.415004478
25564,0.412152011
25572,0.589580809
25576,0.347073382
25577,0.569820596
25587,0.341714264
25591,0.437570971
25596,0.420354321
25598,0.437857907
25617,0.380337759
25618,0.839821315
25620,0.429458601
25623,0.416153228
25626,0.410503635
25628,0.417129175
25633,0.568401454
25637,0.414832395
25644,0.44763816
25662,0.403957706
25663,0.564037983
25673,0.439958768
25678,0.395991707
25685,0.395665722
25691,0.446402839
25706,0.422106443
25707,0.43224106
25723,0.423797
25725,0.34958783
25735,0.557999409
25740,0.404866366
25759,0.403170234
25761,0.423274674
25769,0.300344982
25774,0.424754231
25779,0.566636136
25781,0.399494917
25784,0.808743923
25790,0.789537971
25796,0.418333339
25816,0.406605121
25847,0.436129181
25850,0.450449333
25852,0.449214012
25856,0.366184976
25866,0.422551119
25867,0.567830809
25868,0.400502933
25869,0.567830809
25877,0.57981853
25878,0.41275062
25890,0.567830809
25898,0.84224857
25899,0.415848352
25906,0.804748933
25907,0.561134705
25915,0.768452702
25932,0.558587391
25939,0.423797
25946,0.558587391
25951,0.553044564
25959,0.565491369
25961,0.321879058
25964,0.503830816
25969,0.410800896
25980,0.417129175
25986,0.453455539
25992,0.41178684
25998,0.449164938
26000,0.569319242
26006,0.414098053
26009,0.45069344
26016,0.567830809
26023,0.827520443
26038,0.561134705
26041,0.470600589
26050,0.421532024
26051,0.84753941
26057,0.415885569
26060,0.266503545
26062,0.442853148
26067,0.844441553
26068,0.415056528
26072,0.42231416
26074,0.420606561
26075,0.341420848
26081,0.567830809
26108,0.572925504
26112,0.84491601
26113,0.412688896
26115,0.539782628
26122,0.422864956
26139,0.342240008
26162,0.562740598
26165,0.424372991
26173,0.399140391
26177,0.559460749
26179,0.35096172
26184,0.313034414
26190,0.414810179
26204,0.405102893
26205,0.078271535
26212,0.43066014
26215,0.404740169
26227,0.434602403
26232,0.565408218
26237,0.565408218
26246,0.423274674
26248,0.565408218
26249,0.409082899
26260,0.565408218
26263,0.418825467
26267,0.824563625
26269,0.406562555
26271,0.565408218
26273,0.401385301
26286,0.565978863
26297,0.440925807
26309,0.408349459
26313,0.418473448
26319,0.425323778
26329,0.440176038
26330,0.565408218
26333,0.424077898
26361,0.826190374
26366,0.570067222
26376,0.818103042
26378,0.57305834
26382,0.41845559
26389,0.416275096
26391,0.443494959
26401,0.443334864
26415,0.41275062
26419,0.440627921
26421,0.832434168
26422,0.421261489
26423,0.565978863
26424,0.55921842
26441,0.442853148
26442,0.427870312
26446,0.440683423
26447,0.34411774
26448,0.412629685
26451,0.407603117
26459,0.421778209
26465,0.40824465
26476,0.412697793
26481,0.406555823
26487,0.804077823
26501,0.438649259
26513,0.565408218
26517,0.438649259
26527,0.565408218
26534,0.565408218
26535,0.835857288
26545,0.346072348
26550,0.444730279
26558,0.424615845
26571,0.565408218
26573,0.565408218
26575,0.406717678
26578,0.560623461
26583,0.559865392
26590,0.321879058
26593,0.43189546
26602,0.436522426
26606,0.437283947
26613,0.565408218
26615,0.441312444
26618,0.418913803
26628,0.842222014
26630,0.444730279
26635,0.445355048
26645,0.405845534
26648,0.365012869
26651,0.35096172
26660,0.431955808
26663,0.416826513
26664,0.440683423
26665,0.412817229
26673,0.443494959
26675,0.354362176
26676,0.501402114
26677,0.423797
26679,0.555779141
26687,0.560318007
26689,0.550560767
26697,0.520855922
26737,0.565408218
26747,0.841987741
26748,0.406040862
26749,0.438940718
26754,0.795714422
26759,0.402291387
26760,0.564308632
26765,0.425653152
26769,0.436878951
26771,0.338675547
26776,0.429932126
26778,0.439691826
26780,0.409884399
26783,0.284712259
26785,0.440176038
26800,0.406932385
26804,0.445021738
26812,0.339676581
26816,0.344939873
26823,0.565408218
26834,0.565408218
26836,0.421236767
26841,0.43329549
26845,0.422844137
26849,0.412442836
26854,0.438940718
26858,0.426097627
26860,0.287115735
26866,0.422121929
26871,0.359122685
26873,0.464627751
26905,0.446257058
26907,0.439690487
26920,0.424615845
26924,0.297151956
26930,0.423274674
26942,0.405405606
26944,0.357805983
26949,0.548155444
26952,0.844414996
26956,0.426944652
26973,0.439399029
26977,0.409159533
26993,0.418435622
26997,0.444730279
26999,0.412795704
27021,0.416811949
27023,0.414877561
27025,0.089602942
27027,0.423481101
27032,0.565363455
27034,0.428635589
27036,0.402738305
27045,0.332056198
27050,0.444730279
27051,0.396801081
27055,0.410592993
27056,0.408357621
27060,0.419251655
27061,0.565363455
27066,0.559820629
27070,0.319853268
27073,0.2872386
27077,0.420509593
27085,0.420282373
27086,0.398356294
27099,0.552565693
27105,0.552565693
27109,0.370271694
27125,0.420014803
27135,0.526422585
27139,0.394542096
27140,0.849597979
27141,0.40691492
27142,0.351241798
27144,0.394542096
27148,0.424915706
27154,0.420282373
27162,0.565978863
27175,0.413686798
27176,0.409150293
27178,0.477960678
27197,0.366576136
27204,0.378516623
27205,0.363105075
27206,0.33299175
27207,0.350944683
27216,0.360701599
27230,0.413241196
27234,0.428635589
27241,0.419584455
27249,0.84062207
27251,0.440683423
27252,0.429794254
27256,0.555779141
27257,0.43736805
27263,0.444730279
27268,0.412598593
27269,0.358187151
27276,0.355862607
27279,0.550236314
27288,0.565408218
27295,0.444730279
27299,0.559865392
27302,0.348462841
27304,0.349976255
27316,0.403054303
27318,0.40824465
27330,0.410453628
27333,0.417129175
27335,0.368609304
27339,0.396701653
27341,0.558765806
27342,0.34411774
27345,0.410336
27347,0.398528892
27354,0.420010152
27361,0.302748457
27375,0.559865392
27387,0.565408218
27390,0.560318007
27392,0.848978114
27399,0.43189546
27403,0.395788418
27410,0.562548488
27423,0.432001311
27429,0.440683423
27432,0.506620488
27436,0.411739763
27437,0.439399029
27441,0.439399029
27444,0.467124303
27445,0.388281718
27448,0.503219452
27454,0.419162811
27459,0.417129175
27465,0.363779566
27478,0.808842605
27479,0.415963295
27481,0.559865392
27483,0.390603881
27486,0.397820245
27498,0.41714585
27505,0.354362176
27507,0.396701653
27509,0.40824465
27514,0.312840182
27527,0.565408218
27535,0.430720488
27544,0.438649259
27545,0.401111777
27556,0.444730279
27563,0.406221703
27569,0.403362652
27585,0.391183593
27589,0.348943156
27605,0.353929419
27608,0.565363455
27609,0.350413937
27611,0.416826513
27621,0.335744853
27626,0.560273244
27629,0.395147328
27645,0.565363455
27651,0.316152185
27654,0.409311569
27656,0.560318007
27663,0.560318007
27673,0.404371827
27677,0.393576317
27678,0.343116706
27680,0.409440051
27681,0.565408218
27684,0.4014652
27688,0.399576142
27706,0.415904549
27709,0.362817132
27720,0.404335127
27722,0.398650664
27733,0.420219041
27734,0.35096172
27739,0.366375955
27746,0.565408218
27751,0.844007354
27755,0.397107532
27777,0.409890593
27783,0.302748457
27795,0.413994217
27805,0.409398044
27811,0.447213403
27815,0.441882152
27823,0.41788073
27856,0.422431127
27873,0.417113503
27883,0.406326885
27885,0.550872123
27887,0.553699357
27899,0.356845299
27921,0.408357621
27924,0.355391969
27927,0.349476858
27929,0.402738305
27932,0.32868423
27943,0.569001324
27945,0.569001324
27952,0.356393003
27957,0.444730279
27960,0.401358397
27966,0.422380195
27968,0.569001324
27980,0.563458498
27984,0.417129175
27994,0.408624687
27995,0.569001324
28002,0.563911112
28004,0.563458498
28006,0.430720488
28028,0.420354321
28042,0.565408218
28043,0.565408218
28055,0.413910509
28061,0.559865392
28063,0.408955248
28077,0.365639848
28090,0.559865392
28093,0.352664383
28095,0.354221469
28096,0.437413939
28098,0.838194815
28099,0.443494959
28111,0.346304231
28115,0.351663349
28123,0.350149934
28125,0.408195744
28126,0.565408218
28129,0.559865392
28131,0.359739386
28139,0.366858052
28146,0.442543512
28153,0.422845579
28155,0.350149934
28160,0.444730279
28166,0.401995728
28167,0.439448102
28176,0.444730279
28185,0.409125585
28187,0.559865392
28195,0.565408218
28203,0.393836561
28206,0.413910509
28209,0.443494959
28210,0.343635165
28211,0.349787106
28216,0.412629685
28234,0.413186869
28235,0.565408218
28248,0.347305265
28255,0.435389671
28266,0.401636801
28277,0.346745424
28286,0.413713804
28288,0.363490208
28289,0.41792483
28290,0.405534821
28296,0.351663349
28300,0.550688929
28306,0.440683423
28307,0.349787106
28309,0.351160996
28327,0.426944652
28336,0.408362136
28345,0.344932689
28355,0.441969093
28361,0.344790816
28362,0.365055075
28374,0.417129175
28380,0.420219041
28381,0.565978863
28393,0.423335022
28394,0.401626786
28405,0.430063976
28413,0.3491489
28426,0.565408218
28428,0.421532024
28429,0.565408218
28442,0.392634004
28445,0.417129175
28457,0.842963207
28459,0.518985501
28462,0.405239535
28478,0.419073498
28490,0.402480217
28492,0.405749568
28499,0.348224711
28500,0.549587004
28506,0.56661296
28509,0.372013871
28513,0.411504229
28516,0.417948878
28519,0.827649331
28526,0.434441373
28527,0.420354321
28528,0.41683536
28533,0.420392228
28547,0.376613248
28551,0.426944652
28563,0.430028473
28566,0.424732725
28568,0.407408416
28580,0.422183376
28589,0.406259465
28590,0.56661296
28606,0.418477806
28613,0.349649155
28615,0.431864882
28619,0.56661296
28629,0.416826513
28633,0.409115058
28635,0.558242899
28646,0.433206053
28648,0.429756228
28651,0.354708915
28660,0.561070134
28681,0.56661296
28693,0.410560331
28696,0.383420033
28703,0.410784995
28709,0.365874476
28712,0.565513374
28718,0.41275062
28719,0.394915604
28727,0.444699701
28730,0.426944652
28732,0.56661296
28740,0.350263383
28747,0.56661296
28752,0.559970547
28757,0.448586462
28764,0.415798474
28765,0.365874476
28770,0.56661296
28772,0.448586462
28783,0.412462903
28786,0.43956312
28796,0.343831344
28799,0.43936845
28806,0.445935021
28807,0.365874476
28815,0.425828787
28818,0.40838558
28823,0.419038559
28824,0.416886607
28831,0.838194815
28834,0.414390149
28841,0.415186984
28848,0.56661296
28882,0.331347524
28884,0.399436292
28904,0.44405789
28907,0.473261579
28919,0.439854001
28920,0.424615845
28928,0.416826513
28935,0.247619986
28936,0.317611775
28945,0.32224699
28950,0.623987065
28957,0.56661296
28963,0.358069733
28974,0.561070134
28980,0.41496318
28988,0.417222895
28999,0.40471221
29001,0.440011033
29004,0.3413085
29006,0.399222109
29012,0.416275096
29018,0.56661296
29027,0.349800906
29030,0.350984485
29032,0.417330848
29039,0.34958783
29043,0.562217421
29056,0.438649259
29064,0.562217421
29068,0.349476858
29069,0.347073382
29074,0.423466862
29076,0.40938617
29085,0.349773246
29088,0.533060942
29091,0.314190809
29092,0.450214809
29093,0.35096172
29094,0.408234184
29108,0.553847361
29114,0.432084027
29115,0.428576044
29118,0.428576044
29125,0.411779419
29127,0.562217421
29150,0.401556018
29152,0.393953137
29155,0.442853148
29165,0.425254712
29167,0.556674595
29174,0.562217421
29180,0.354362176
29185,0.433000759
29190,0.425282035
29192,0.841475822
29194,0.355847038
29220,0.354473148
29231,0.444730279
29237,0.441617828
29240,0.40602516
29247,0.41373747
29256,0.34958783
29275,0.415052866
29278,0.417913587
29280,0.425452959
29286,0.356876624
29288,0.413628978
29305,0.428037171
29327,0.557440466
29329,0.413511317
29333,0.354362176
29335,0.351991306
29342,0.838427138
29344,0.410201107
29353,0.414245522
29358,0.351991306
29373,0.37321584
29392,0.562217421
29393,0.429917215
29395,0.83977241
29403,0.427283527
29405,0.425461492
29410,0.356876624
29423,0.355847038
29427,0.58739809
29429,0.348475824
29432,0.409932006
29440,0.567976012
29447,0.401931118
29448,0.346632188
29452,0.427283527
29455,0.404563677
29461,0.439399029
29466,0.348475824
29474,0.412834143
29476,0.346072348
29486,0.419223648
29494,0.390815684
29497,0.403243482
29505,0.420543759
29511,0.562217421
29516,0.556674595
29522,0.41559925
29523,0.43189546
29524,0.446752135
29529,0.439399029
29533,0.324282534
29535,0.403211942
29548,0.439399029
29551,0.348469009
29563,0.336129859
29574,0.510317777
29575,0.343551084
29592,0.349983278
29599,0.448036529
29608,0.343551084
29613,0.555798209
29620,0.421594289
29630,0.549591217
29637,0.341488977
29638,0.534743765
29643,0.4234642
29648,0.334488528
29657,0.390888111
29659,0.336892004
29662,0.395610826
29665,0.406431004
29699,0.550688929
29706,0.412923368
29715,0.437857907
29716,0.399891157
29717,0.432001311
29721,0.430028473
29731,0.446590368
29735,0.439399029
29739,0.397802013
29742,0.421532024
29747,0.810189742
29749,0.536051326
29754,0.837368324
29773,0.437413939
29777,0.40824465
29779,0.343227678
29783,0.403217446
29786,0.390750817
29805,0.546759769
29811,0.40885017
29812,0.413868817
29815,0.423274674
29819,0.444730279
29833,0.423274674
29847,0.442061796
29854,0.525214951
29856,0.345602602
29859,0.340827088
29864,0.424915706
29865,0.424915706
29867,0.444730279
29885,0.409671351
29894,0.421432413
29900,0.416864182
29910,0.446590368
29928,0.354473148
29942,0.343116706
29951,0.539962139
29953,0.556349786
29962,0.412998155
29968,0.402219399
29974,0.422542089
29980,0.516415641
29987,0.354392163
29993,0.427940353
30001,0.426944652
30005,0.420354321
30015,0.354473148
30034,0.301884504
30041,0.440683423
30044,0.442543512
30058,0.29591864
30061,0.546687075
30064,0.553329488
30065,0.38486773
30069,0.347461715
30074,0.378265372
30076,0.405714671
30080,0.5326259
30086,0.413645202
30087,0.415892187
30092,0.347771172
30093,0.559865392
30096,0.405121694
30097,0.565408218
30098,0.433395773
30102,0.565408218
30106,0.365472535
30110,0.438358378
30111,0.844007354
30122,0.396884194
30128,0.306401889
30130,0.449824974
30131,0.356544827
30132,0.564308632
30135,0.38503598
30137,0.825222076
30157,0.565408218
30158,0.440683423
30162,0.418107337
30170,0.567268748
30174,0.424372991
30195,0.569531726
30196,0.414832395
30204,0.424915706
30207,0.845932558
30209,0.569531726
30212,0.398356294
30221,0.400967523
30225,0.567268748
30229,0.435551547
30231,0.421452639
30233,0.42802966
30237,0.573027339
30239,0.573860346
30242,0.563398262
30244,0.308089647
30249,0.410784995
30262,0.420354321
30286,0.345859567
30292,0.344302746
30303,0.337569739
30320,0.421011553
30322,0.443626322
30355,0.430388615
30356,0.438577667
30372,0.432325787
30375,0.406759108
30379,0.416298778
30384,0.422864956
30386,0.445021738
30394,0.427508395
30395,0.440974881
30396,0.338703128
30397,0.425526154
30402,0.430763899
30413,0.446257058
30416,0.350002603
30420,0.415186984
30422,0.444730279
30432,0.345602602
30434,0.411531952
30438,0.422551119
30444,0.40412489
30446,0.499007711
30455,0.418227493
30457,0.419251655
30459,0.410224975
30463,0.567271035
30468,0.430028473
30477,0.413119892
30478,0.408884998
30481,0.405043829
30482,0.414390149
30487,0.424744782
30491,0.428032189
30496,0.570904573
30501,0.409898423
30506,0.40697807
30511,0.346072348
30513,0.418057522
30516,0.398928029
30520,0.444730279
30531,0.41262952
30542,0.845107622
30555,0.410560331
30557,0.417381745
30568,0.446590368
30570,0.842680366
30584,0.360583783
30594,0.569220755
30614,0.392431145
30617,0.402211969
30618,0.435521149
30631,0.400946578
30632,0.407115365
30634,0.436756469
30636,0.461973686
30637,0.460738366
30639,0.389634629
30647,0.408494644
30649,0.416796738
30656,0.409665478
30660,0.400714484
30665,0.418615961
30669,0.407099225
30681,0.543240137
30683,0.42392165
30687,0.43067545
30694,0.547538387
